indicator_label,descrição do indicador,descrição da série de mentalidade,area de referencia,x,y,região ODS,sexo,descrição de sexo,período de tempo,detalhe de tempo,valor de observação,observação de comentários,source_detail_url,ano de origem
QV.4,Idade mínima legal para casar por sexo,Idade mínima para casamento legal – Sem consentimento dos pais,Ilhas Aland,1.980.945.969,601.544.901,Europa e América do Norte,M,Macho,2021,2012-2021,18.0,Pessoas com menos de 18 anos precisam de autorização do Ministério da Justiça.,https://unstats.un.org/unsd/demographic-social/products/dyb/documents/dyb2021/Notes24.pdf,2022
QV.4,Idade mínima legal para casar por sexo,Idade mínima para casamento legal – Sem consentimento dos pais,Ilhas Aland,1.980.945.969,601.544.901,Europa e América do Norte,F,Femea,2021,2012-2021,18.0,Pessoas com menos de 18 anos precisam de autorização do Ministério da Justiça.,https://unstats.un.org/unsd/demographic-social/products/dyb/documents/dyb2021/Notes24.pdf,2022
QV.4,Idade mínima legal para casar por sexo,Idade mínima para casamento legal – Sem consentimento dos pais,Albânia,2.006.660.928,4.113.897.007,Europa e América do Norte,M,Macho,2021,2012-2021,18.0,,https://unstats.un.org/unsd/demographic-social/products/dyb/documents/dyb2021/Notes24.pdf,2022
QV.4,Idade mínima legal para casar por sexo,Idade mínima para casamento legal – Sem consentimento dos pais,Albânia,2.006.660.928,4.113.897.007,Europa e América do Norte,F,Femea,2021,2012-2021,18.0,,https://unstats.un.org/unsd/demographic-social/products/dyb/documents/dyb2021/Notes24.pdf,2022
QV.4,Idade mínima legal para casar por sexo,Idade mínima para casamento legal – Sem consentimento dos pais,Andorra,1.576.257.417,4.254.548.611,Europa e América do Norte,M,Macho,2021,2012-2021,16.0,,https://unstats.un.org/unsd/demographic-social/products/dyb/documents/dyb2021/Notes24.pdf,2022
QV.4,Idade mínima legal para casar por sexo,Idade mínima para casamento legal – Sem consentimento dos pais,Andorra,1.576.257.417,4.254.548.611,Europa e América do Norte,F,Femea,2021,2012-2021,16.0,,https://unstats.un.org/unsd/demographic-social/products/dyb/documents/dyb2021/Notes24.pdf,2022
QV.4,Idade mínima legal para casar por sexo,Idade mínima para casamento legal – Sem consentimento dos pais,Anguila,-6.305.651.612,1.821.525.315,América Latina e Caribe,M,Macho,2021,2012-2021,18.0,,https://unstats.un.org/unsd/demographic-social/products/dyb/documents/dyb2021/Notes24.pdf,2022
QV.4,Idade mínima legal para casar por sexo,Idade mínima para casamento legal – Sem consentimento dos pais,Anguila,-6.305.651.612,1.821.525.315,América Latina e Caribe,F,Femea,2021,2012-2021,18.0,,https://unstats.un.org/unsd/demographic-social/products/dyb/documents/dyb2021/Notes24.pdf,2022
QV.4,Idade mínima legal para casar por sexo,Idade mínima para casamento legal – Sem consentimento dos pais,Argentina,-6.514.563.274,-3.519.446.255,América Latina e Caribe,M,Macho,2021,2012-2021,21.0,,https://unstats.un.org/unsd/demographic-social/products/dyb/documents/dyb2021/Notes24.pdf,2022
QV.4,Idade mínima legal para casar por sexo,Idade mínima para casamento legal – Sem consentimento dos pais,Argentina,-6.514.563.274,-3.519.446.255,América Latina e Caribe,F,Femea,2021,2012-2021,21.0,,https://unstats.un.org/unsd/demographic-social/products/dyb/documents/dyb2021/Notes24.pdf,2022
QV.4,Idade mínima legal para casar por sexo,Idade mínima para casamento legal – Sem consentimento dos pais,Armênia,4.493.839.317,4.029.499.741,Norte da África e Ásia Ocidental,M,Macho,2021,2012-2021,18.0,,https://unstats.un.org/unsd/demographic-social/products/dyb/documents/dyb2021/Notes24.pdf,2022
QV.4,Idade mínima legal para casar por sexo,Idade mínima para casamento legal – Sem consentimento dos pais,Armênia,4.493.839.317,4.029.499.741,Norte da África e Ásia Ocidental,F,Femea,2021,2012-2021,17.0,,https://unstats.un.org/unsd/demographic-social/products/dyb/documents/dyb2021/Notes24.pdf,2022
QV.4,Idade mínima legal para casar por sexo,Idade mínima para casamento legal – Sem consentimento dos pais,Aruba,-6.997.050.586,1.250.878.756,América Latina e Caribe,M,Macho,2021,2012-2021,18.0,"A idade mínima legal para casar é de 18 anos, com duas exceções: se os interessados tiverem mais de 16 anos e a mulher estiver grávida ou tiver dado à luz ou o Ministro da Segurança e Justiça conceder dispensa a seu pedido.",https://unstats.un.org/unsd/demographic-social/products/dyb/documents/dyb2021/Notes24.pdf,2022
QV.4,Idade mínima legal para casar por sexo,Idade mínima para casamento legal – Sem consentimento dos pais,Aruba,-6.997.050.586,1.250.878.756,América Latina e Caribe,F,Femea,2021,2012-2021,18.0,"A idade mínima legal para casar é de 18 anos, com duas exceções: se os interessados tiverem mais de 16 anos e a mulher estiver grávida ou tiver dado à luz ou o Ministro da Segurança e Justiça conceder dispensa a seu pedido.",https://unstats.un.org/unsd/demographic-social/products/dyb/documents/dyb2021/Notes24.pdf,2022
QV.4,Idade mínima legal para casar por sexo,Idade mínima para casamento legal – Sem consentimento dos pais,Austrália,1.343.499.412,-2.557.717.202,Austrália e Nova Zelândia,M,Macho,2021,2012-2021,18.0,Pessoas com 16 ou 17 anos precisam de autorização judicial.,https://unstats.un.org/unsd/demographic-social/products/dyb/documents/dyb2021/Notes24.pdf,2022
QV.4,Idade mínima legal para casar por sexo,Idade mínima para casamento legal – Sem consentimento dos pais,Austrália,1.343.499.412,-2.557.717.202,Austrália e Nova Zelândia,F,Femea,2021,2012-2021,18.0,Pessoas com 16 ou 17 anos precisam de autorização judicial.,https://unstats.un.org/unsd/demographic-social/products/dyb/documents/dyb2021/Notes24.pdf,2022
QV.4,Idade mínima legal para casar por sexo,Idade mínima para casamento legal – Sem consentimento dos pais,Áustria,1.414.172.472,4.758.704.857,Europa e América do Norte,M,Macho,2021,2012-2021,18.0,Pessoas com menos de 18 anos precisam de uma decisão judicial.,https://unstats.un.org/unsd/demographic-social/products/dyb/documents/dyb2021/Notes24.pdf,2022
QV.4,Idade mínima legal para casar por sexo,Idade mínima para casamento legal – Sem consentimento dos pais,Áustria,1.414.172.472,4.758.704.857,Europa e América do Norte,F,Femea,2021,2012-2021,18.0,Pessoas com menos de 18 anos precisam de uma decisão judicial.,https://unstats.un.org/unsd/demographic-social/products/dyb/documents/dyb2021/Notes24.pdf,2022
QV.4,Idade mínima legal para casar por sexo,Idade mínima para casamento legal – Sem consentimento dos pais,Bahrein,505.490.754,2.604.407.747,Norte da África e Ásia Ocidental,M,Macho,2021,2012-2021,15.0,,https://unstats.un.org/unsd/demographic-social/products/dyb/documents/dyb2021/Notes24.pdf,2022
QV.4,Idade mínima legal para casar por sexo,Idade mínima para casamento legal – Sem consentimento dos pais,Bielorrússia,2.804.940.161,5.354.193.075,Europa e América do Norte,M,Macho,2021,2012-2021,18.0,,https://unstats.un.org/unsd/demographic-social/products/dyb/documents/dyb2021/Notes24.pdf,2022
QV.4,Idade mínima legal para casar por sexo,Idade mínima para casamento legal – Sem consentimento dos pais,Bielorrússia,2.804.940.161,5.354.193.075,Europa e América do Norte,F,Femea,2021,2012-2021,18.0,,https://unstats.un.org/unsd/demographic-social/products/dyb/documents/dyb2021/Notes24.pdf,2022
QV.4,Idade mínima legal para casar por sexo,Idade mínima para casamento legal – Sem consentimento dos pais,Bélgica,4.660.976.456,5.064.104.975,Europa e América do Norte,M,Macho,2021,2012-2021,18.0,"A idade mínima legal em que o casamento pode ocorrer é a mesma, com ou sem consentimento dos pais",https://unstats.un.org/unsd/demographic-social/products/dyb/documents/dyb2021/Notes24.pdf,2022
QV.4,Idade mínima legal para casar por sexo,Idade mínima para casamento legal – Sem consentimento dos pais,Bélgica,4.660.976.456,5.064.104.975,Europa e América do Norte,F,Femea,2021,2012-2021,18.0,"A idade mínima legal em que o casamento pode ocorrer é a mesma, com ou sem consentimento dos pais",https://unstats.un.org/unsd/demographic-social/products/dyb/documents/dyb2021/Notes24.pdf,2022
QV.4,Idade mínima legal para casar por sexo,Idade mínima para casamento legal – Sem consentimento dos pais,Bermudas,-6.478.155.012,3.227.881.922,Europa e América do Norte,M,Macho,2021,2012-2021,18.0,,https://unstats.un.org/unsd/demographic-social/products/dyb/documents/dyb2021/Notes24.pdf,2022
QV.4,Idade mínima legal para casar por sexo,Idade mínima para casamento legal – Sem consentimento dos pais,Bermudas,-6.478.155.012,3.227.881.922,Europa e América do Norte,F,Femea,2021,2012-2021,18.0,,https://unstats.un.org/unsd/demographic-social/products/dyb/documents/dyb2021/Notes24.pdf,2022
QV.4,Idade mínima legal para casar por sexo,Idade mínima para casamento legal – Sem consentimento dos pais,Bolívia (Estado Plurinacional da),-6.466.224.284,-1.671.273.412,América Latina e Caribe,M,Macho,2021,2012-2021,18.0,Noivos menores de 16 anos e noivas menores de 14 anos precisam de autorização judicial.,https://unstats.un.org/unsd/demographic-social/products/dyb/documents/dyb2021/Notes24.pdf,2022
QV.4,Idade mínima legal para casar por sexo,Idade mínima para casamento legal – Sem consentimento dos pais,Bolívia (Estado Plurinacional da),-6.466.224.284,-1.671.273.412,América Latina e Caribe,F,Femea,2021,2012-2021,18.0,Noivos menores de 16 anos e noivas menores de 14 anos precisam de autorização judicial.,https://unstats.un.org/unsd/demographic-social/products/dyb/documents/dyb2021/Notes24.pdf,2022
QV.4,Idade mínima legal para casar por sexo,Idade mínima para casamento legal – Sem consentimento dos pais,Bósnia e Herzegovina,1.778.584.332,4.416.845.548,Europa e América do Norte,M,Macho,2021,2012-2021,18.0,,https://unstats.un.org/unsd/demographic-social/products/dyb/documents/dyb2021/Notes24.pdf,2022
QV.4,Idade mínima legal para casar por sexo,Idade mínima para casamento legal – Sem consentimento dos pais,Bósnia e Herzegovina,1.778.584.332,4.416.845.548,Europa e América do Norte,F,Femea,2021,2012-2021,18.0,,https://unstats.un.org/unsd/demographic-social/products/dyb/documents/dyb2021/Notes24.pdf,2022
QV.4,Idade mínima legal para casar por sexo,Idade mínima para casamento legal – Sem consentimento dos pais,Botsuana,2.381.380.223,-2.218.810.073,África Subsaariana,M,Macho,2021,2012-2021,21.0,,https://unstats.un.org/unsd/demographic-social/products/dyb/documents/dyb2021/Notes24.pdf,2022
QV.4,Idade mínima legal para casar por sexo,Idade mínima para casamento legal – Sem consentimento dos pais,Botsuana,2.381.380.223,-2.218.810.073,África Subsaariana,F,Femea,2021,2012-2021,21.0,,https://unstats.un.org/unsd/demographic-social/products/dyb/documents/dyb2021/Notes24.pdf,2022
QV.4,Idade mínima legal para casar por sexo,Idade mínima para casamento legal – Sem consentimento dos pais,Brasil,-5.308.432.878,-1.077.668.561,América Latina e Caribe,M,Macho,2021,2012-2021,18.0,,https://unstats.un.org/unsd/demographic-social/products/dyb/documents/dyb2021/Notes24.pdf,2022
QV.4,Idade mínima legal para casar por sexo,Idade mínima para casamento legal – Sem consentimento dos pais,Brasil,-5.308.432.878,-1.077.668.561,América Latina e Caribe,F,Femea,2021,2012-2021,18.0,,https://unstats.un.org/unsd/demographic-social/products/dyb/documents/dyb2021/Notes24.pdf,2022
QV.4,Idade mínima legal para casar por sexo,Idade mínima para casamento legal – Sem consentimento dos pais,Bulgária,2.523.763.153,4.275.731.323,Europa e América do Norte,M,Macho,2021,2012-2021,18.0,,https://unstats.un.org/unsd/demographic-social/products/dyb/documents/dyb2021/Notes24.pdf,2022
QV.4,Idade mínima legal para casar por sexo,Idade mínima para casamento legal – Sem consentimento dos pais,Bulgária,2.523.763.153,4.275.731.323,Europa e América do Norte,F,Femea,2021,2012-2021,18.0,,https://unstats.un.org/unsd/demographic-social/products/dyb/documents/dyb2021/Notes24.pdf,2022
QV.4,Idade mínima legal para casar por sexo,Idade mínima para casamento legal – Sem consentimento dos pais,Burkina Faso,-1.742.843.829,1.227.491.081,África Subsaariana,M,Macho,2021,2012-2021,21.0,"Além disso, uma isenção de idade pode ser concedida por um tribunal civil por motivo grave a partir dos 15 anos para as mulheres e dos 18 anos para os homens.",https://unstats.un.org/unsd/demographic-social/products/dyb/documents/dyb2021/Notes24.pdf,2022
QV.4,Idade mínima legal para casar por sexo,Idade mínima para casamento legal – Sem consentimento dos pais,Burkina Faso,-1.742.843.829,1.227.491.081,África Subsaariana,F,Femea,2021,2012-2021,18.0,"Além disso, uma isenção de idade pode ser concedida por um tribunal civil por motivo grave a partir dos 15 anos para as mulheres e dos 18 anos para os homens.",https://unstats.un.org/unsd/demographic-social/products/dyb/documents/dyb2021/Notes24.pdf,2022
QV.4,Idade mínima legal para casar por sexo,Idade mínima para casamento legal – Sem consentimento dos pais,Burundi,2.989.080.992,-3.366.387.428,África Subsaariana,M,Macho,2021,2012-2021,21.0,"A idade mínima legal em que o casamento pode ocorrer é a mesma, com ou sem consentimento dos pais",https://unstats.un.org/unsd/demographic-social/products/dyb/documents/dyb2021/Notes24.pdf,2022
QV.4,Idade mínima legal para casar por sexo,Idade mínima para casamento legal – Sem consentimento dos pais,Burundi,2.989.080.992,-3.366.387.428,África Subsaariana,F,Femea,2021,2012-2021,18.0,"A idade mínima legal em que o casamento pode ocorrer é a mesma, com ou sem consentimento dos pais",https://unstats.un.org/unsd/demographic-social/products/dyb/documents/dyb2021/Notes24.pdf,2022
QV.4,Idade mínima legal para casar por sexo,Idade mínima para casamento legal – Sem consentimento dos pais,Camboja,104.922.836,1.271.163.737,Leste e Sudeste Asiático,M,Macho,2021,2012-2021,18.0,,https://unstats.un.org/unsd/demographic-social/products/dyb/documents/dyb2021/Notes24.pdf,2022
QV.4,Idade mínima legal para casar por sexo,Idade mínima para casamento legal – Sem consentimento dos pais,Camboja,104.922.836,1.271.163.737,Leste e Sudeste Asiático,F,Femea,2021,2012-2021,18.0,,https://unstats.un.org/unsd/demographic-social/products/dyb/documents/dyb2021/Notes24.pdf,2022
QV.4,Idade mínima legal para casar por sexo,Idade mínima para casamento legal – Sem consentimento dos pais,Camarões,127.419.827,5.692.387.031,África Subsaariana,M,Macho,2021,2012-2021,21.0,Os casamentos podem ser excepcionalmente autorizados pelo Presidente da República para noivas com pelo menos 13 anos de idade sem consentimento dos pais.,https://unstats.un.org/unsd/demographic-social/products/dyb/documents/dyb2021/Notes24.pdf,2022
QV.4,Idade mínima legal para casar por sexo,Idade mínima para casamento legal – Sem consentimento dos pais,Camarões,127.419.827,5.692.387.031,África Subsaariana,F,Femea,2021,2012-2021,18.0,Os casamentos podem ser excepcionalmente autorizados pelo Presidente da República para noivas com pelo menos 13 anos de idade sem consentimento dos pais.,https://unstats.un.org/unsd/demographic-social/products/dyb/documents/dyb2021/Notes24.pdf,2022
QV.4,Idade mínima legal para casar por sexo,Idade mínima para casamento legal – Sem consentimento dos pais,Canadá,-1.016.575.058,5.772.360.191,Europa e América do Norte,M,Macho,2021,2012-2021,18.0,"O casamento está sujeito às legislações provinciais e territoriais. Sem o consentimento dos pais, a idade mínima legal para o casamento ser realizado é de 18 anos em todas as províncias e territórios do Canadá, exceto na Colúmbia Britânica, Terra Nova e Labrador, Nova Escócia, Nunavut e Yukon, onde a idade mínima legal é de 19 anos. . Com o consentimento dos pais, a idade mínima legal é de 16 anos em todas as províncias, exceto nos Territórios do Noroeste, Nunavut e Yukon. Com o consentimento dos pais, nos Territórios do Noroeste e em Yukon, a idade mínima legal é de 15 anos, enquanto em Nunavut, a idade mínima legal é de 18 anos.",https://unstats.un.org/unsd/demographic-social/products/dyb/documents/dyb2021/Notes24.pdf,2022
QV.4,Idade mínima legal para casar por sexo,Idade mínima para casamento legal – Sem consentimento dos pais,Canadá,-1.016.575.058,5.772.360.191,Europa e América do Norte,F,Femea,2021,2012-2021,18.0,"O casamento está sujeito às legislações provinciais e territoriais. Sem o consentimento dos pais, a idade mínima legal para o casamento ser realizado é de 18 anos em todas as províncias e territórios do Canadá, exceto na Colúmbia Britânica, Terra Nova e Labrador, Nova Escócia, Nunavut e Yukon, onde a idade mínima legal é de 19 anos. . Com o consentimento dos pais, a idade mínima legal é de 16 anos em todas as províncias, exceto nos Territórios do Noroeste, Nunavut e Yukon. Com o consentimento dos pais, nos Territórios do Noroeste e em Yukon, a idade mínima legal é de 15 anos, enquanto em Nunavut, a idade mínima legal é de 18 anos.",https://unstats.un.org/unsd/demographic-social/products/dyb/documents/dyb2021/Notes24.pdf,2022
QV.4,Idade mínima legal para casar por sexo,Idade mínima para casamento legal – Sem consentimento dos pais,Ilhas Cayman,-8.116.740.559,1.932.266.656,América Latina e Caribe,M,Macho,2021,2012-2021,18.0,,https://unstats.un.org/unsd/demographic-social/products/dyb/documents/dyb2021/Notes24.pdf,2022
QV.4,Idade mínima legal para casar por sexo,Idade mínima para casamento legal – Sem consentimento dos pais,Ilhas Cayman,-8.116.740.559,1.932.266.656,América Latina e Caribe,F,Femea,2021,2012-2021,18.0,,https://unstats.un.org/unsd/demographic-social/products/dyb/documents/dyb2021/Notes24.pdf,2022
QV.4,Idade mínima legal para casar por sexo,Idade mínima para casamento legal – Sem consentimento dos pais,Chile,-7.123.029.019,-352.652.885,América Latina e Caribe,M,Macho,2021,2012-2021,18.0,,https://unstats.un.org/unsd/demographic-social/products/dyb/documents/dyb2021/Notes24.pdf,2022
QV.4,Idade mínima legal para casar por sexo,Idade mínima para casamento legal – Sem consentimento dos pais,Chile,-7.123.029.019,-352.652.885,América Latina e Caribe,F,Femea,2021,2012-2021,18.0,,https://unstats.un.org/unsd/demographic-social/products/dyb/documents/dyb2021/Notes24.pdf,2022
QV.4,Idade mínima legal para casar por sexo,Idade mínima para casamento legal – Sem consentimento dos pais,"China, Região Administrativa Especial de Hong Kong",1.140.266.445,2.241.749.934,Leste e Sudeste Asiático,M,Macho,2021,2012-2021,21.0,,https://unstats.un.org/unsd/demographic-social/products/dyb/documents/dyb2021/Notes24.pdf,2022
QV.4,Idade mínima legal para casar por sexo,Idade mínima para casamento legal – Sem consentimento dos pais,"China, Região Administrativa Especial de Hong Kong",1.140.266.445,2.241.749.934,Leste e Sudeste Asiático,F,Femea,2021,2012-2021,21.0,,https://unstats.un.org/unsd/demographic-social/products/dyb/documents/dyb2021/Notes24.pdf,2022
QV.4,Idade mínima legal para casar por sexo,Idade mínima para casamento legal – Sem consentimento dos pais,"China, Região Administrativa Especial de Macau",1.135.665.388,221.237.259,Leste e Sudeste Asiático,M,Macho,2021,2012-2021,18.0,,https://unstats.un.org/unsd/demographic-social/products/dyb/documents/dyb2021/Notes24.pdf,2022
QV.4,Idade mínima legal para casar por sexo,Idade mínima para casamento legal – Sem consentimento dos pais,"China, Região Administrativa Especial de Macau",1.135.665.388,221.237.259,Leste e Sudeste Asiático,F,Femea,2021,2012-2021,18.0,,https://unstats.un.org/unsd/demographic-social/products/dyb/documents/dyb2021/Notes24.pdf,2022
QV.4,Idade mínima legal para casar por sexo,Idade mínima para casamento legal – Sem consentimento dos pais,Colômbia,-7.307.446.751,3.888.209.046,América Latina e Caribe,M,Macho,2021,2012-2021,18.0,,https://unstats.un.org/unsd/demographic-social/products/dyb/documents/dyb2021/Notes24.pdf,2022
QV.4,Idade mínima legal para casar por sexo,Idade mínima para casamento legal – Sem consentimento dos pais,Colômbia,-7.307.446.751,3.888.209.046,América Latina e Caribe,F,Femea,2021,2012-2021,18.0,,https://unstats.un.org/unsd/demographic-social/products/dyb/documents/dyb2021/Notes24.pdf,2022
QV.4,Idade mínima legal para casar por sexo,Idade mínima para casamento legal – Sem consentimento dos pais,Congo,1.522.052.612,-840.544.119,África Subsaariana,M,Macho,2021,2012-2021,21.0,,https://unstats.un.org/unsd/demographic-social/products/dyb/documents/dyb2021/Notes24.pdf,2022
QV.4,Idade mínima legal para casar por sexo,Idade mínima para casamento legal – Sem consentimento dos pais,Congo,1.522.052.612,-840.544.119,África Subsaariana,F,Femea,2021,2012-2021,18.0,,https://unstats.un.org/unsd/demographic-social/products/dyb/documents/dyb2021/Notes24.pdf,2022
QV.4,Idade mínima legal para casar por sexo,Idade mínima para casamento legal – Sem consentimento dos pais,Ilhas Cook,-1.597.711.391,-2.122.696.458,"Oceania, ex. Austrália e Nova Zelândia",M,Macho,2021,2012-2021,21.0,,https://unstats.un.org/unsd/demographic-social/products/dyb/documents/dyb2021/Notes24.pdf,2022
QV.4,Idade mínima legal para casar por sexo,Idade mínima para casamento legal – Sem consentimento dos pais,Ilhas Cook,-1.597.711.391,-2.122.696.458,"Oceania, ex. Austrália e Nova Zelândia",F,Femea,2021,2012-2021,21.0,,https://unstats.un.org/unsd/demographic-social/products/dyb/documents/dyb2021/Notes24.pdf,2022
QV.4,Idade mínima legal para casar por sexo,Idade mínima para casamento legal – Sem consentimento dos pais,Costa Rica,-8.419.712.782,9.970.998.683,América Latina e Caribe,M,Macho,2021,2012-2021,18.0,,https://unstats.un.org/unsd/demographic-social/products/dyb/documents/dyb2021/Notes24.pdf,2022
QV.4,Idade mínima legal para casar por sexo,Idade mínima para casamento legal – Sem consentimento dos pais,Costa Rica,-8.419.712.782,9.970.998.683,América Latina e Caribe,F,Femea,2021,2012-2021,18.0,,https://unstats.un.org/unsd/demographic-social/products/dyb/documents/dyb2021/Notes24.pdf,2022
QV.4,Idade mínima legal para casar por sexo,Idade mínima para casamento legal – Sem consentimento dos pais,Croácia,1.795.874.553,4.545.172.212,Europa e América do Norte,M,Macho,2021,2012-2021,18.0,,https://unstats.un.org/unsd/demographic-social/products/dyb/documents/dyb2021/Notes24.pdf,2022
QV.4,Idade mínima legal para casar por sexo,Idade mínima para casamento legal – Sem consentimento dos pais,Croácia,1.795.874.553,4.545.172.212,Europa e América do Norte,F,Femea,2021,2012-2021,18.0,,https://unstats.un.org/unsd/demographic-social/products/dyb/documents/dyb2021/Notes24.pdf,2022
QV.4,Idade mínima legal para casar por sexo,Idade mínima para casamento legal – Sem consentimento dos pais,Cuba,-7.954.460.144,2.210.030.366,América Latina e Caribe,M,Macho,2021,2012-2021,18.0,,https://unstats.un.org/unsd/demographic-social/products/dyb/documents/dyb2021/Notes24.pdf,2022
QV.4,Idade mínima legal para casar por sexo,Idade mínima para casamento legal – Sem consentimento dos pais,Cuba,-7.954.460.144,2.210.030.366,América Latina e Caribe,F,Femea,2021,2012-2021,16.0,,https://unstats.un.org/unsd/demographic-social/products/dyb/documents/dyb2021/Notes24.pdf,2022
QV.4,Idade mínima legal para casar por sexo,Idade mínima para casamento legal – Sem consentimento dos pais,Curaçau,-6.895.033.464,1.215.058.042,América Latina e Caribe,M,Macho,2021,2012-2021,18.0,,https://unstats.un.org/unsd/demographic-social/products/dyb/documents/dyb2021/Notes24.pdf,2022
QV.4,Idade mínima legal para casar por sexo,Idade mínima para casamento legal – Sem consentimento dos pais,Curaçau,-6.895.033.464,1.215.058.042,América Latina e Caribe,F,Femea,2021,2012-2021,18.0,,https://unstats.un.org/unsd/demographic-social/products/dyb/documents/dyb2021/Notes24.pdf,2022
QV.4,Idade mínima legal para casar por sexo,Idade mínima para casamento legal – Sem consentimento dos pais,Chipre,3.322.285.964,3.505.659.437,Norte da África e Ásia Ocidental,M,Macho,2021,2012-2021,18.0,,https://unstats.un.org/unsd/demographic-social/products/dyb/documents/dyb2021/Notes24.pdf,2022
QV.4,Idade mínima legal para casar por sexo,Idade mínima para casamento legal – Sem consentimento dos pais,Chipre,3.322.285.964,3.505.659.437,Norte da África e Ásia Ocidental,F,Femea,2021,2012-2021,18.0,,https://unstats.un.org/unsd/demographic-social/products/dyb/documents/dyb2021/Notes24.pdf,2022
QV.4,Idade mínima legal para casar por sexo,Idade mínima para casamento legal – Sem consentimento dos pais,Tcheca,1.533.151.382,4.973.913.871,Europa e América do Norte,M,Macho,2021,2012-2021,18.0,"O tribunal pode, por razões importantes, permitir o casamento de um menor com mais de 16 anos.",https://unstats.un.org/unsd/demographic-social/products/dyb/documents/dyb2021/Notes24.pdf,2022
QV.4,Idade mínima legal para casar por sexo,Idade mínima para casamento legal – Sem consentimento dos pais,Tcheca,1.533.151.382,4.973.913.871,Europa e América do Norte,F,Femea,2021,2012-2021,18.0,"O tribunal pode, por razões importantes, permitir o casamento de um menor com mais de 16 anos.",https://unstats.un.org/unsd/demographic-social/products/dyb/documents/dyb2021/Notes24.pdf,2022
QV.4,Idade mínima legal para casar por sexo,Idade mínima para casamento legal – Sem consentimento dos pais,República Democrática do Congo,2.365.496.507,-2.877.154.732,África Subsaariana,M,Macho,2021,2012-2021,18.0,,https://unstats.un.org/unsd/demographic-social/products/dyb/documents/dyb2021/Notes24.pdf,2022
QV.4,Idade mínima legal para casar por sexo,Idade mínima para casamento legal – Sem consentimento dos pais,República Democrática do Congo,2.365.496.507,-2.877.154.732,África Subsaariana,F,Femea,2021,2012-2021,18.0,,https://unstats.un.org/unsd/demographic-social/products/dyb/documents/dyb2021/Notes24.pdf,2022
QV.4,Idade mínima legal para casar por sexo,Idade mínima para casamento legal – Sem consentimento dos pais,Dinamarca,9.326.571.283,5.603.829.721,Europa e América do Norte,M,Macho,2021,2012-2021,18.0,,https://unstats.un.org/unsd/demographic-social/products/dyb/documents/dyb2021/Notes24.pdf,2022
QV.4,Idade mínima legal para casar por sexo,Idade mínima para casamento legal – Sem consentimento dos pais,Dinamarca,9.326.571.283,5.603.829.721,Europa e América do Norte,F,Femea,2021,2012-2021,18.0,,https://unstats.un.org/unsd/demographic-social/products/dyb/documents/dyb2021/Notes24.pdf,2022
QV.4,Idade mínima legal para casar por sexo,Idade mínima para casamento legal – Sem consentimento dos pais,República Dominicana,-7.049.847.576,1.889.832.088,América Latina e Caribe,M,Macho,2021,2012-2021,18.0,,https://unstats.un.org/unsd/demographic-social/products/dyb/documents/dyb2021/Notes24.pdf,2022
QV.4,Idade mínima legal para casar por sexo,Idade mínima para casamento legal – Sem consentimento dos pais,República Dominicana,-7.049.847.576,1.889.832.088,América Latina e Caribe,F,Femea,2021,2012-2021,18.0,,https://unstats.un.org/unsd/demographic-social/products/dyb/documents/dyb2021/Notes24.pdf,2022
QV.4,Idade mínima legal para casar por sexo,Idade mínima para casamento legal – Sem consentimento dos pais,Equador,-7.837.005.241,-1.447.785.891,América Latina e Caribe,M,Macho,2021,2012-2021,18.0,,https://unstats.un.org/unsd/demographic-social/products/dyb/documents/dyb2021/Notes24.pdf,2022
QV.4,Idade mínima legal para casar por sexo,Idade mínima para casamento legal – Sem consentimento dos pais,Equador,-7.837.005.241,-1.447.785.891,América Latina e Caribe,F,Femea,2021,2012-2021,18.0,,https://unstats.un.org/unsd/demographic-social/products/dyb/documents/dyb2021/Notes24.pdf,2022
QV.4,Idade mínima legal para casar por sexo,Idade mínima para casamento legal – Sem consentimento dos pais,El Salvador,-8.886.862.995,1.373.603.564,América Latina e Caribe,M,Macho,2021,2012-2021,18.0,,https://unstats.un.org/unsd/demographic-social/products/dyb/documents/dyb2021/Notes24.pdf,2022
QV.4,Idade mínima legal para casar por sexo,Idade mínima para casamento legal – Sem consentimento dos pais,El Salvador,-8.886.862.995,1.373.603.564,América Latina e Caribe,F,Femea,2021,2012-2021,18.0,,https://unstats.un.org/unsd/demographic-social/products/dyb/documents/dyb2021/Notes24.pdf,2022
QV.4,Idade mínima legal para casar por sexo,Idade mínima para casamento legal – Sem consentimento dos pais,Estônia,2.584.093.481,5.868.487.172,Europa e América do Norte,M,Macho,2021,2012-2021,18.0,,https://unstats.un.org/unsd/demographic-social/products/dyb/documents/dyb2021/Notes24.pdf,2022
QV.4,Idade mínima legal para casar por sexo,Idade mínima para casamento legal – Sem consentimento dos pais,Estônia,2.584.093.481,5.868.487.172,Europa e América do Norte,F,Femea,2021,2012-2021,18.0,,https://unstats.un.org/unsd/demographic-social/products/dyb/documents/dyb2021/Notes24.pdf,2022
QV.4,Idade mínima legal para casar por sexo,Idade mínima para casamento legal – Sem consentimento dos pais,Essuatíni,3.150.149.288,-2.656.471.011,África Subsaariana,M,Macho,2021,2012-2021,21.0,,https://unstats.un.org/unsd/demographic-social/products/dyb/documents/dyb2021/Notes24.pdf,2022
QV.4,Idade mínima legal para casar por sexo,Idade mínima para casamento legal – Sem consentimento dos pais,Essuatíni,3.150.149.288,-2.656.471.011,África Subsaariana,F,Femea,2021,2012-2021,21.0,,https://unstats.un.org/unsd/demographic-social/products/dyb/documents/dyb2021/Notes24.pdf,2022
QV.4,Idade mínima legal para casar por sexo,Idade mínima para casamento legal – Sem consentimento dos pais,ilhas Faroe,-7.122.044.325,6.221.228.119,Europa e América do Norte,M,Macho,2021,2012-2021,18.0,"A idade mínima legal em que o casamento pode ocorrer é a mesma, com ou sem consentimento dos pais",https://unstats.un.org/unsd/demographic-social/products/dyb/documents/dyb2021/Notes24.pdf,2022
QV.4,Idade mínima legal para casar por sexo,Idade mínima para casamento legal – Sem consentimento dos pais,ilhas Faroe,-7.122.044.325,6.221.228.119,Europa e América do Norte,F,Femea,2021,2012-2021,18.0,"A idade mínima legal em que o casamento pode ocorrer é a mesma, com ou sem consentimento dos pais",https://unstats.un.org/unsd/demographic-social/products/dyb/documents/dyb2021/Notes24.pdf,2022
QV.4,Idade mínima legal para casar por sexo,Idade mínima para casamento legal – Sem consentimento dos pais,Finlândia,23.308.447,6.191.586.738,Europa e América do Norte,M,Macho,2021,2012-2021,18.0,Pessoas com menos de 18 anos precisam de autorização do Ministério da Justiça.,https://unstats.un.org/unsd/demographic-social/products/dyb/documents/dyb2021/Notes24.pdf,2022
QV.4,Idade mínima legal para casar por sexo,Idade mínima para casamento legal – Sem consentimento dos pais,Finlândia,23.308.447,6.191.586.738,Europa e América do Norte,F,Femea,2021,2012-2021,18.0,Pessoas com menos de 18 anos precisam de autorização do Ministério da Justiça.,https://unstats.un.org/unsd/demographic-social/products/dyb/documents/dyb2021/Notes24.pdf,2022
QV.4,Idade mínima legal para casar por sexo,Idade mínima para casamento legal – Sem consentimento dos pais,França,2.457.288.129,4.662.660.861,Europa e América do Norte,M,Macho,2021,2012-2021,18.0,"A idade mínima legal em que o casamento pode ocorrer é a mesma, com ou sem consentimento dos pais",https://unstats.un.org/unsd/demographic-social/products/dyb/documents/dyb2021/Notes24.pdf,2022
QV.4,Idade mínima legal para casar por sexo,Idade mínima para casamento legal – Sem consentimento dos pais,França,2.457.288.129,4.662.660.861,Europa e América do Norte,F,Femea,2021,2012-2021,18.0,"A idade mínima legal em que o casamento pode ocorrer é a mesma, com ou sem consentimento dos pais",https://unstats.un.org/unsd/demographic-social/products/dyb/documents/dyb2021/Notes24.pdf,2022
QV.4,Idade mínima legal para casar por sexo,Idade mínima para casamento legal – Sem consentimento dos pais,Polinésia Francesa,-1.494.052.367,-1.767.709.294,"Oceania, ex. Austrália e Nova Zelândia",M,Macho,2021,2012-2021,18.0,,https://unstats.un.org/unsd/demographic-social/products/dyb/documents/dyb2021/Notes24.pdf,2022
QV.4,Idade mínima legal para casar por sexo,Idade mínima para casamento legal – Sem consentimento dos pais,Polinésia Francesa,-1.494.052.367,-1.767.709.294,"Oceania, ex. Austrália e Nova Zelândia",F,Femea,2021,2012-2021,18.0,,https://unstats.un.org/unsd/demographic-social/products/dyb/documents/dyb2021/Notes24.pdf,2022
QV.4,Idade mínima legal para casar por sexo,Idade mínima para casamento legal – Sem consentimento dos pais,Geórgia,433.713.615,4.204.813.028,Norte da África e Ásia Ocidental,M,Macho,2021,2012-2021,18.0,,https://unstats.un.org/unsd/demographic-social/products/dyb/documents/dyb2021/Notes24.pdf,2022
QV.4,Idade mínima legal para casar por sexo,Idade mínima para casamento legal – Sem consentimento dos pais,Geórgia,433.713.615,4.204.813.028,Norte da África e Ásia Ocidental,F,Femea,2021,2012-2021,18.0,,https://unstats.un.org/unsd/demographic-social/products/dyb/documents/dyb2021/Notes24.pdf,2022
QV.4,Idade mínima legal para casar por sexo,Idade mínima para casamento legal – Sem consentimento dos pais,Alemanha,103.806.066,5.108.862.743,Europa e América do Norte,M,Macho,2021,2012-2021,18.0,O casamento aos 16-17 anos de idade exige que o outro cônjuge seja adulto (18 anos ou mais) e isento da exigência de maioridade por um tribunal de família competente.,https://unstats.un.org/unsd/demographic-social/products/dyb/documents/dyb2021/Notes24.pdf,2022
QV.4,Idade mínima legal para casar por sexo,Idade mínima para casamento legal – Sem consentimento dos pais,Alemanha,103.806.066,5.108.862.743,Europa e América do Norte,F,Femea,2021,2012-2021,18.0,O casamento aos 16-17 anos de idade exige que o outro cônjuge seja adulto (18 anos ou mais) e isento da exigência de maioridade por um tribunal de família competente.,https://unstats.un.org/unsd/demographic-social/products/dyb/documents/dyb2021/Notes24.pdf,2022
QV.4,Idade mínima legal para casar por sexo,Idade mínima para casamento legal – Sem consentimento dos pais,Gana,-1.205.623.522,7.964.825.185,África Subsaariana,M,Macho,2021,2012-2021,18.0,,https://unstats.un.org/unsd/demographic-social/products/dyb/documents/dyb2021/Notes24.pdf,2022
QV.4,Idade mínima legal para casar por sexo,Idade mínima para casamento legal – Sem consentimento dos pais,Gana,-1.205.623.522,7.964.825.185,África Subsaariana,F,Femea,2021,2012-2021,18.0,,https://unstats.un.org/unsd/demographic-social/products/dyb/documents/dyb2021/Notes24.pdf,2022
QV.4,Idade mínima legal para casar por sexo,Idade mínima para casamento legal – Sem consentimento dos pais,Gibraltar,-5.347.561.686,3.613.895.036,Europa e América do Norte,M,Macho,2021,2012-2021,18.0,,https://unstats.un.org/unsd/demographic-social/products/dyb/documents/dyb2021/Notes24.pdf,2022
QV.4,Idade mínima legal para casar por sexo,Idade mínima para casamento legal – Sem consentimento dos pais,Gibraltar,-5.347.561.686,3.613.895.036,Europa e América do Norte,F,Femea,2021,2012-2021,18.0,,https://unstats.un.org/unsd/demographic-social/products/dyb/documents/dyb2021/Notes24.pdf,2022
QV.4,Idade mínima legal para casar por sexo,Idade mínima para casamento legal – Sem consentimento dos pais,Grécia,2.258.307.827,3.947.301.873,Europa e América do Norte,M,Macho,2021,2012-2021,18.0,"Sob algumas condições (por exemplo, gravidez), o casamento pode realizar-se sem restrições de idade.",https://unstats.un.org/unsd/demographic-social/products/dyb/documents/dyb2021/Notes24.pdf,2022
QV.4,Idade mínima legal para casar por sexo,Idade mínima para casamento legal – Sem consentimento dos pais,Grécia,2.258.307.827,3.947.301.873,Europa e América do Norte,F,Femea,2021,2012-2021,18.0,"Sob algumas condições (por exemplo, gravidez), o casamento pode realizar-se sem restrições de idade.",https://unstats.un.org/unsd/demographic-social/products/dyb/documents/dyb2021/Notes24.pdf,2022
QV.4,Idade mínima legal para casar por sexo,Idade mínima para casamento legal – Sem consentimento dos pais,Groenlândia,-4.139.371.316,7.475.625.681,Europa e América do Norte,M,Macho,2021,2012-2021,18.0,"A idade mínima legal em que o casamento pode ocorrer é a mesma, com ou sem consentimento dos pais",https://unstats.un.org/unsd/demographic-social/products/dyb/documents/dyb2021/Notes24.pdf,2022
QV.4,Idade mínima legal para casar por sexo,Idade mínima para casamento legal – Sem consentimento dos pais,Groenlândia,-4.139.371.316,7.475.625.681,Europa e América do Norte,F,Femea,2021,2012-2021,18.0,"A idade mínima legal em que o casamento pode ocorrer é a mesma, com ou sem consentimento dos pais",https://unstats.un.org/unsd/demographic-social/products/dyb/documents/dyb2021/Notes24.pdf,2022
QV.4,Idade mínima legal para casar por sexo,Idade mínima para casamento legal – Sem consentimento dos pais,Guam,1.447.029.305,1.335.485.404,"Oceania, ex. Austrália e Nova Zelândia",M,Macho,2021,2012-2021,18.0,Menores de 18 anos precisam de ordem judicial e consentimento dos pais ou responsável legal.,https://unstats.un.org/unsd/demographic-social/products/dyb/documents/dyb2021/Notes24.pdf,2022
QV.4,Idade mínima legal para casar por sexo,Idade mínima para casamento legal – Sem consentimento dos pais,Guam,1.447.029.305,1.335.485.404,"Oceania, ex. Austrália e Nova Zelândia",F,Femea,2021,2012-2021,18.0,Menores de 18 anos precisam de ordem judicial e consentimento dos pais ou responsável legal.,https://unstats.un.org/unsd/demographic-social/products/dyb/documents/dyb2021/Notes24.pdf,2022
QV.4,Idade mínima legal para casar por sexo,Idade mínima para casamento legal – Sem consentimento dos pais,Guiné,-1.128.173.419,1.100.210.343,África Subsaariana,M,Macho,2021,2012-2021,21.0,,https://unstats.un.org/unsd/demographic-social/products/dyb/documents/dyb2021/Notes24.pdf,2022
QV.4,Idade mínima legal para casar por sexo,Idade mínima para casamento legal – Sem consentimento dos pais,Guiné,-1.128.173.419,1.100.210.343,África Subsaariana,F,Femea,2021,2012-2021,21.0,,https://unstats.un.org/unsd/demographic-social/products/dyb/documents/dyb2021/Notes24.pdf,2022
QV.4,Idade mínima legal para casar por sexo,Idade mínima para casamento legal – Sem consentimento dos pais,Hungria,1.941.221.519,471.651.448,Europa e América do Norte,M,Macho,2021,2012-2021,18.0,,https://unstats.un.org/unsd/demographic-social/products/dyb/documents/dyb2021/Notes24.pdf,2022
QV.4,Idade mínima legal para casar por sexo,Idade mínima para casamento legal – Sem consentimento dos pais,Hungria,1.941.221.519,471.651.448,Europa e América do Norte,F,Femea,2021,2012-2021,18.0,,https://unstats.un.org/unsd/demographic-social/products/dyb/documents/dyb2021/Notes24.pdf,2022
QV.4,Idade mínima legal para casar por sexo,Idade mínima para casamento legal – Sem consentimento dos pais,Islândia,-1.902.116.966,6.479.134.763,Europa e América do Norte,M,Macho,2021,2012-2021,18.0,Sem limite com consentimento dos pais,https://unstats.un.org/unsd/demographic-social/products/dyb/documents/dyb2021/Notes24.pdf,2022
QV.4,Idade mínima legal para casar por sexo,Idade mínima para casamento legal – Sem consentimento dos pais,Islândia,-1.902.116.966,6.479.134.763,Europa e América do Norte,F,Femea,2021,2012-2021,18.0,Sem limite com consentimento dos pais,https://unstats.un.org/unsd/demographic-social/products/dyb/documents/dyb2021/Notes24.pdf,2022
QV.4,Idade mínima legal para casar por sexo,Idade mínima para casamento legal – Sem consentimento dos pais,Indonésia,1.139.174,-994.582.204,Leste e Sudeste Asiático,M,Macho,2021,2012-2021,19.0,,https://unstats.un.org/unsd/demographic-social/products/dyb/documents/dyb2021/Notes24.pdf,2022
QV.4,Idade mínima legal para casar por sexo,Idade mínima para casamento legal – Sem consentimento dos pais,Indonésia,1.139.174,-994.582.204,Leste e Sudeste Asiático,F,Femea,2021,2012-2021,16.0,,https://unstats.un.org/unsd/demographic-social/products/dyb/documents/dyb2021/Notes24.pdf,2022
QV.4,Idade mínima legal para casar por sexo,Idade mínima para casamento legal – Sem consentimento dos pais,Irã (Republic Islâmica do Irã),5.419.766.348,3.274.370.885,Ásia Central e Meridional,M,Macho,2021,2012-2021,18.0,,https://unstats.un.org/unsd/demographic-social/products/dyb/documents/dyb2021/Notes24.pdf,2022
QV.4,Idade mínima legal para casar por sexo,Idade mínima para casamento legal – Sem consentimento dos pais,Irã (Republic Islâmica do Irã),5.419.766.348,3.274.370.885,Ásia Central e Meridional,F,Femea,2021,2012-2021,18.0,,https://unstats.un.org/unsd/demographic-social/products/dyb/documents/dyb2021/Notes24.pdf,2022
QV.4,Idade mínima legal para casar por sexo,Idade mínima para casamento legal – Sem consentimento dos pais,Irlanda,-7.121.425.272,5.325.274.054,Europa e América do Norte,M,Macho,2021,2012-2021,18.0,"A idade mínima legal em que o casamento pode ocorrer é a mesma, com ou sem consentimento dos pais; Uma isenção sobre a idade mínima pode ser concedida por ordem judicial se a concessão de tal isenção for no melhor interesse das partes no casamento pretendido e se puderem ser demonstradas boas razões para o pedido.",https://unstats.un.org/unsd/demographic-social/products/dyb/documents/dyb2021/Notes24.pdf,2022
QV.4,Idade mínima legal para casar por sexo,Idade mínima para casamento legal – Sem consentimento dos pais,Irlanda,-7.121.425.272,5.325.274.054,Europa e América do Norte,F,Femea,2021,2012-2021,18.0,"A idade mínima legal em que o casamento pode ocorrer é a mesma, com ou sem consentimento dos pais; Uma isenção sobre a idade mínima pode ser concedida por ordem judicial se a concessão de tal isenção for no melhor interesse das partes no casamento pretendido e se puderem ser demonstradas boas razões para o pedido.",https://unstats.un.org/unsd/demographic-social/products/dyb/documents/dyb2021/Notes24.pdf,2022
QV.4,Idade mínima legal para casar por sexo,Idade mínima para casamento legal – Sem consentimento dos pais,Ilha de Man,-4.538.190.305,5.422.880.901,Europa e América do Norte,M,Macho,2021,2012-2021,18.0,,https://unstats.un.org/unsd/demographic-social/products/dyb/documents/dyb2021/Notes24.pdf,2022
QV.4,Idade mínima legal para casar por sexo,Idade mínima para casamento legal – Sem consentimento dos pais,Ilha de Man,-4.538.190.305,5.422.880.901,Europa e América do Norte,F,Femea,2021,2012-2021,18.0,,https://unstats.un.org/unsd/demographic-social/products/dyb/documents/dyb2021/Notes24.pdf,2022
QV.4,Idade mínima legal para casar por sexo,Idade mínima para casamento legal – Sem consentimento dos pais,Israel,3.462.277.992,3.106.164.552,Norte da África e Ásia Ocidental,M,Macho,2021,2012-2021,18.0,"A idade mínima legal em que o casamento pode ocorrer é a mesma, com ou sem consentimento dos pais",https://unstats.un.org/unsd/demographic-social/products/dyb/documents/dyb2021/Notes24.pdf,2022
QV.4,Idade mínima legal para casar por sexo,Idade mínima para casamento legal – Sem consentimento dos pais,Israel,3.462.277.992,3.106.164.552,Norte da África e Ásia Ocidental,F,Femea,2021,2012-2021,18.0,"A idade mínima legal em que o casamento pode ocorrer é a mesma, com ou sem consentimento dos pais",https://unstats.un.org/unsd/demographic-social/products/dyb/documents/dyb2021/Notes24.pdf,2022
QV.4,Idade mínima legal para casar por sexo,Idade mínima para casamento legal – Sem consentimento dos pais,Itália,1.257.022.427,4.279.917.282,Europa e América do Norte,M,Macho,2021,2012-2021,18.0,,https://unstats.un.org/unsd/demographic-social/products/dyb/documents/dyb2021/Notes24.pdf,2022
QV.4,Idade mínima legal para casar por sexo,Idade mínima para casamento legal – Sem consentimento dos pais,Itália,1.257.022.427,4.279.917.282,Europa e América do Norte,F,Femea,2021,2012-2021,18.0,,https://unstats.un.org/unsd/demographic-social/products/dyb/documents/dyb2021/Notes24.pdf,2022
QV.4,Idade mínima legal para casar por sexo,Idade mínima para casamento legal – Sem consentimento dos pais,Jamaica,-7.731.068.409,1.815.616.857,América Latina e Caribe,M,Macho,2021,2012-2021,18.0,,https://unstats.un.org/unsd/demographic-social/products/dyb/documents/dyb2021/Notes24.pdf,2022
QV.4,Idade mínima legal para casar por sexo,Idade mínima para casamento legal – Sem consentimento dos pais,Jamaica,-7.731.068.409,1.815.616.857,América Latina e Caribe,F,Femea,2021,2012-2021,18.0,,https://unstats.un.org/unsd/demographic-social/products/dyb/documents/dyb2021/Notes24.pdf,2022
QV.4,Idade mínima legal para casar por sexo,Idade mínima para casamento legal – Sem consentimento dos pais,Japão,1.392.716.103,366.554.539,Leste e Sudeste Asiático,M,Macho,2021,2012-2021,20.0,,https://unstats.un.org/unsd/demographic-social/products/dyb/documents/dyb2021/Notes24.pdf,2022
QV.4,Idade mínima legal para casar por sexo,Idade mínima para casamento legal – Sem consentimento dos pais,Japão,1.392.716.103,366.554.539,Leste e Sudeste Asiático,F,Femea,2021,2012-2021,20.0,,https://unstats.un.org/unsd/demographic-social/products/dyb/documents/dyb2021/Notes24.pdf,2022
QV.4,Idade mínima legal para casar por sexo,Idade mínima para casamento legal – Sem consentimento dos pais,Jersey,-2.136.773.508,4.922.353.354,Europa e América do Norte,M,Macho,2021,2012-2021,18.0,,https://unstats.un.org/unsd/demographic-social/products/dyb/documents/dyb2021/Notes24.pdf,2022
QV.4,Idade mínima legal para casar por sexo,Idade mínima para casamento legal – Sem consentimento dos pais,Jersey,-2.136.773.508,4.922.353.354,Europa e América do Norte,F,Femea,2021,2012-2021,18.0,,https://unstats.un.org/unsd/demographic-social/products/dyb/documents/dyb2021/Notes24.pdf,2022
QV.4,Idade mínima legal para casar por sexo,Idade mínima para casamento legal – Sem consentimento dos pais,Cazaquistão,6.665.359.159,4.801.963.494,Ásia Central e Meridional,M,Macho,2021,2012-2021,18.0,,https://unstats.un.org/unsd/demographic-social/products/dyb/documents/dyb2021/Notes24.pdf,2022
QV.4,Idade mínima legal para casar por sexo,Idade mínima para casamento legal – Sem consentimento dos pais,Cazaquistão,6.665.359.159,4.801.963.494,Ásia Central e Meridional,F,Femea,2021,2012-2021,18.0,,https://unstats.un.org/unsd/demographic-social/products/dyb/documents/dyb2021/Notes24.pdf,2022
QV.4,Idade mínima legal para casar por sexo,Idade mínima para casamento legal – Sem consentimento dos pais,Quirguistão,7.452.324.839,4.146.204.516,Ásia Central e Meridional,M,Macho,2021,2012-2021,16.0,"A idade mínima legal em que o casamento pode ocorrer é a mesma, com ou sem consentimento dos pais",https://unstats.un.org/unsd/demographic-social/products/dyb/documents/dyb2021/Notes24.pdf,2022
QV.4,Idade mínima legal para casar por sexo,Idade mínima para casamento legal – Sem consentimento dos pais,Quirguistão,7.452.324.839,4.146.204.516,Ásia Central e Meridional,F,Femea,2021,2012-2021,16.0,"A idade mínima legal em que o casamento pode ocorrer é a mesma, com ou sem consentimento dos pais",https://unstats.un.org/unsd/demographic-social/products/dyb/documents/dyb2021/Notes24.pdf,2022
QV.4,Idade mínima legal para casar por sexo,Idade mínima para casamento legal – Sem consentimento dos pais,Letônia,2.642.461.876,5.664.196.636,Europa e América do Norte,M,Macho,2021,2012-2021,18.0,,https://unstats.un.org/unsd/demographic-social/products/dyb/documents/dyb2021/Notes24.pdf,2022
QV.4,Idade mínima legal para casar por sexo,Idade mínima para casamento legal – Sem consentimento dos pais,Letônia,2.642.461.876,5.664.196.636,Europa e América do Norte,F,Femea,2021,2012-2021,18.0,,https://unstats.un.org/unsd/demographic-social/products/dyb/documents/dyb2021/Notes24.pdf,2022
QV.4,Idade mínima legal para casar por sexo,Idade mínima para casamento legal – Sem consentimento dos pais,Libéria,-9.311.879.038,6.448.381.009,África Subsaariana,M,Macho,2021,2012-2021,21.0,,https://unstats.un.org/unsd/demographic-social/products/dyb/documents/dyb2021/Notes24.pdf,2022
QV.4,Idade mínima legal para casar por sexo,Idade mínima para casamento legal – Sem consentimento dos pais,Libéria,-9.311.879.038,6.448.381.009,África Subsaariana,F,Femea,2021,2012-2021,18.0,,https://unstats.un.org/unsd/demographic-social/products/dyb/documents/dyb2021/Notes24.pdf,2022
QV.4,Idade mínima legal para casar por sexo,Idade mínima para casamento legal – Sem consentimento dos pais,Liechtenstein,9.552.985.019,4.714.167.005,Europa e América do Norte,M,Macho,2021,2012-2021,18.0,Pessoas menores de 18 anos precisam de aprovação do juiz para se casar.,https://unstats.un.org/unsd/demographic-social/products/dyb/documents/dyb2021/Notes24.pdf,2022
QV.4,Idade mínima legal para casar por sexo,Idade mínima para casamento legal – Sem consentimento dos pais,Liechtenstein,9.552.985.019,4.714.167.005,Europa e América do Norte,F,Femea,2021,2012-2021,18.0,Pessoas menores de 18 anos precisam de aprovação do juiz para se casar.,https://unstats.un.org/unsd/demographic-social/products/dyb/documents/dyb2021/Notes24.pdf,2022
QV.4,Idade mínima legal para casar por sexo,Idade mínima para casamento legal – Sem consentimento dos pais,Lituânia,2.390.517.807,5.533.680.309,Europa e América do Norte,M,Macho,2021,2012-2021,18.0,"Além do consentimento dos pais, menores de 18 anos precisam de autorização judicial. Em caso de gravidez, o casamento pode ser permitido com menos de 15 anos.",https://unstats.un.org/unsd/demographic-social/products/dyb/documents/dyb2021/Notes24.pdf,2022
QV.4,Idade mínima legal para casar por sexo,Idade mínima para casamento legal – Sem consentimento dos pais,Lituânia,2.390.517.807,5.533.680.309,Europa e América do Norte,F,Femea,2021,2012-2021,18.0,"Além do consentimento dos pais, menores de 18 anos precisam de autorização judicial. Em caso de gravidez, o casamento pode ser permitido com menos de 15 anos.",https://unstats.un.org/unsd/demographic-social/products/dyb/documents/dyb2021/Notes24.pdf,2022
QV.4,Idade mínima legal para casar por sexo,Idade mínima para casamento legal – Sem consentimento dos pais,Luxemburgo,6.092.656.563,4.977.679.538,Europa e América do Norte,M,Macho,2021,2012-2021,18.0,,https://unstats.un.org/unsd/demographic-social/products/dyb/documents/dyb2021/Notes24.pdf,2022
QV.4,Idade mínima legal para casar por sexo,Idade mínima para casamento legal – Sem consentimento dos pais,Luxemburgo,6.092.656.563,4.977.679.538,Europa e América do Norte,F,Femea,2021,2012-2021,18.0,,https://unstats.un.org/unsd/demographic-social/products/dyb/documents/dyb2021/Notes24.pdf,2022
QV.4,Idade mínima legal para casar por sexo,Idade mínima para casamento legal – Sem consentimento dos pais,Maláui,334.884.625,-1.340.819.859,África Subsaariana,M,Macho,2021,2012-2021,18.0,"A idade mínima legal em que o casamento pode ocorrer é a mesma, com ou sem consentimento dos pais",https://unstats.un.org/unsd/demographic-social/products/dyb/documents/dyb2021/Notes24.pdf,2022
QV.4,Idade mínima legal para casar por sexo,Idade mínima para casamento legal – Sem consentimento dos pais,Maláui,334.884.625,-1.340.819.859,África Subsaariana,F,Femea,2021,2012-2021,18.0,"A idade mínima legal em que o casamento pode ocorrer é a mesma, com ou sem consentimento dos pais",https://unstats.un.org/unsd/demographic-social/products/dyb/documents/dyb2021/Notes24.pdf,2022
QV.4,Idade mínima legal para casar por sexo,Idade mínima para casamento legal – Sem consentimento dos pais,Malásia,1.168.346.314,5.452.415.309,Leste e Sudeste Asiático,M,Macho,2021,2012-2021,18.0,"Para casamento com consentimento dos pais, a idade é de 18 anos para homens, enquanto é de 18 anos para mulheres não muçulmanas e de 16 anos para mulheres muçulmanas. Sem o consentimento dos pais, a idade é de 21 anos para não-muçulmanos e de 18 anos para muçulmanos.",https://unstats.un.org/unsd/demographic-social/products/dyb/documents/dyb2021/Notes24.pdf,2022
QV.4,Idade mínima legal para casar por sexo,Idade mínima para casamento legal – Sem consentimento dos pais,Malásia,1.168.346.314,5.452.415.309,Leste e Sudeste Asiático,F,Femea,2021,2012-2021,18.0,"Para casamento com consentimento dos pais, a idade é de 18 anos para homens, enquanto é de 18 anos para mulheres não muçulmanas e de 16 anos para mulheres muçulmanas. Sem o consentimento dos pais, a idade é de 21 anos para não-muçulmanos e de 18 anos para muçulmanos.",https://unstats.un.org/unsd/demographic-social/products/dyb/documents/dyb2021/Notes24.pdf,2022
QV.4,Idade mínima legal para casar por sexo,Idade mínima para casamento legal – Sem consentimento dos pais,Malta,1.444.617.519,3.589.194.275,Europa e América do Norte,M,Macho,2021,2012-2021,16.0,,https://unstats.un.org/unsd/demographic-social/products/dyb/documents/dyb2021/Notes24.pdf,2022
QV.4,Idade mínima legal para casar por sexo,Idade mínima para casamento legal – Sem consentimento dos pais,Malta,1.444.617.519,3.589.194.275,Europa e América do Norte,F,Femea,2021,2012-2021,16.0,,https://unstats.un.org/unsd/demographic-social/products/dyb/documents/dyb2021/Notes24.pdf,2022
QV.4,Idade mínima legal para casar por sexo,Idade mínima para casamento legal – Sem consentimento dos pais,Maurício,57.568.022,-2.028.581.998,África Subsaariana,M,Macho,2021,2012-2021,18.0,,https://unstats.un.org/unsd/demographic-social/products/dyb/documents/dyb2021/Notes24.pdf,2022
QV.4,Idade mínima legal para casar por sexo,Idade mínima para casamento legal – Sem consentimento dos pais,Maurício,57.568.022,-2.028.581.998,África Subsaariana,F,Femea,2021,2012-2021,18.0,,https://unstats.un.org/unsd/demographic-social/products/dyb/documents/dyb2021/Notes24.pdf,2022
QV.4,Idade mínima legal para casar por sexo,Idade mínima para casamento legal – Sem consentimento dos pais,México,-1.025.148.166,2.393.378.032,América Latina e Caribe,M,Macho,2021,2012-2021,18.0,"Cada um dos 31 Estados Federais e o Distrito Federal possuem seu próprio código civil para o casamento. Casamentos menores de 18 anos exigem consentimento dos pais. Além disso, no Distrito Federal e nos estados de Guanajuato, Morelos, Puebla e San Luis Potosí a idade mínima com consentimento dos pais é 16 anos para os noivos e nos estados de Michoacán, Nayarit, Sinaloa e Sonora a idade mínima com os pais o consentimento é 14 para a noiva e 16 para o noivo.",https://unstats.un.org/unsd/demographic-social/products/dyb/documents/dyb2021/Notes24.pdf,2022
QV.4,Idade mínima legal para casar por sexo,Idade mínima para casamento legal – Sem consentimento dos pais,México,-1.025.148.166,2.393.378.032,América Latina e Caribe,F,Femea,2021,2012-2021,18.0,"Cada um dos 31 Estados Federais e o Distrito Federal possuem seu próprio código civil para o casamento. Casamentos menores de 18 anos exigem consentimento dos pais. Além disso, no Distrito Federal e nos estados de Guanajuato, Morelos, Puebla e San Luis Potosí a idade mínima com consentimento dos pais é 16 anos para os noivos e nos estados de Michoacán, Nayarit, Sinaloa e Sonora a idade mínima com os pais o consentimento é 14 para a noiva e 16 para o noivo.",https://unstats.un.org/unsd/demographic-social/products/dyb/documents/dyb2021/Notes24.pdf,2022
QV.4,Idade mínima legal para casar por sexo,Idade mínima para casamento legal – Sem consentimento dos pais,Mongólia,1.030.728.057,4.683.892.054,Leste e Sudeste Asiático,M,Macho,2021,2012-2021,18.0,,https://unstats.un.org/unsd/demographic-social/products/dyb/documents/dyb2021/Notes24.pdf,2022
QV.4,Idade mínima legal para casar por sexo,Idade mínima para casamento legal – Sem consentimento dos pais,Mongólia,1.030.728.057,4.683.892.054,Leste e Sudeste Asiático,F,Femea,2021,2012-2021,18.0,,https://unstats.un.org/unsd/demographic-social/products/dyb/documents/dyb2021/Notes24.pdf,2022
QV.4,Idade mínima legal para casar por sexo,Idade mínima para casamento legal – Sem consentimento dos pais,Montenegro,1.925.214.024,4.278.717.043,Europa e América do Norte,M,Macho,2021,2012-2021,18.0,,https://unstats.un.org/unsd/demographic-social/products/dyb/documents/dyb2021/Notes24.pdf,2022
QV.4,Idade mínima legal para casar por sexo,Idade mínima para casamento legal – Sem consentimento dos pais,Montenegro,1.925.214.024,4.278.717.043,Europa e América do Norte,F,Femea,2021,2012-2021,18.0,,https://unstats.un.org/unsd/demographic-social/products/dyb/documents/dyb2021/Notes24.pdf,2022
QV.4,Idade mínima legal para casar por sexo,Idade mínima para casamento legal – Sem consentimento dos pais,Montserrate,-6.219.261.223,1.673.558.313,América Latina e Caribe,M,Macho,2021,2012-2021,18.0,"O consentimento pode ser dado por um tutor ou por uma pessoa que tenha a guarda da criança que deseja casar. Além disso, o Governador tem poder discricionário para permitir que pessoas com 15 anos e 1 dia de idade se casem, se considerar que o casamento é do melhor interesse das pessoas que pretendem casar e as pessoas neste caso também devem ter recebido o consentimento necessário.",https://unstats.un.org/unsd/demographic-social/products/dyb/documents/dyb2021/Notes24.pdf,2022
QV.4,Idade mínima legal para casar por sexo,Idade mínima para casamento legal – Sem consentimento dos pais,Montserrate,-6.219.261.223,1.673.558.313,América Latina e Caribe,F,Femea,2021,2012-2021,18.0,"O consentimento pode ser dado por um tutor ou por uma pessoa que tenha a guarda da criança que deseja casar. Além disso, o Governador tem poder discricionário para permitir que pessoas com 15 anos e 1 dia de idade se casem, se considerar que o casamento é do melhor interesse das pessoas que pretendem casar e as pessoas neste caso também devem ter recebido o consentimento necessário.",https://unstats.un.org/unsd/demographic-social/products/dyb/documents/dyb2021/Notes24.pdf,2022
QV.4,Idade mínima legal para casar por sexo,Idade mínima para casamento legal – Sem consentimento dos pais,Marrocos,-6.281.942.841,318.440.131,Norte da África e Ásia Ocidental,M,Macho,2021,2012-2021,18.0,"A idade mínima legal em que o casamento pode ocorrer é a mesma, com ou sem consentimento dos pais",https://unstats.un.org/unsd/demographic-social/products/dyb/documents/dyb2021/Notes24.pdf,2022
QV.4,Idade mínima legal para casar por sexo,Idade mínima para casamento legal – Sem consentimento dos pais,Namíbia,1.721.907.885,-2.213.817.068,África Subsaariana,M,Macho,2021,2012-2021,21.0,,https://unstats.un.org/unsd/demographic-social/products/dyb/documents/dyb2021/Notes24.pdf,2022
QV.4,Idade mínima legal para casar por sexo,Idade mínima para casamento legal – Sem consentimento dos pais,Namíbia,1.721.907.885,-2.213.817.068,África Subsaariana,F,Femea,2021,2012-2021,21.0,,https://unstats.un.org/unsd/demographic-social/products/dyb/documents/dyb2021/Notes24.pdf,2022
QV.4,Idade mínima legal para casar por sexo,Idade mínima para casamento legal – Sem consentimento dos pais,Nepal,8.394.678.863,2.825.866.332,Ásia Central e Meridional,M,Macho,2021,2012-2021,20.0,,https://unstats.un.org/unsd/demographic-social/products/dyb/documents/dyb2021/Notes24.pdf,2022
QV.4,Idade mínima legal para casar por sexo,Idade mínima para casamento legal – Sem consentimento dos pais,Nepal,8.394.678.863,2.825.866.332,Ásia Central e Meridional,F,Femea,2021,2012-2021,20.0,,https://unstats.un.org/unsd/demographic-social/products/dyb/documents/dyb2021/Notes24.pdf,2022
QV.4,Idade mínima legal para casar por sexo,Idade mínima para casamento legal – Sem consentimento dos pais,Holanda,5.331.480.568,5.186.728.884,Europa e América do Norte,M,Macho,2021,2012-2021,18.0,,https://unstats.un.org/unsd/demographic-social/products/dyb/documents/dyb2021/Notes24.pdf,2022
QV.4,Idade mínima legal para casar por sexo,Idade mínima para casamento legal – Sem consentimento dos pais,Holanda,5.331.480.568,5.186.728.884,Europa e América do Norte,F,Femea,2021,2012-2021,18.0,,https://unstats.un.org/unsd/demographic-social/products/dyb/documents/dyb2021/Notes24.pdf,2022
QV.4,Idade mínima legal para casar por sexo,Idade mínima para casamento legal – Sem consentimento dos pais,Nova Caledônia,1.655.067.368,-2.141.742.531,"Oceania, ex. Austrália e Nova Zelândia",M,Macho,2021,2012-2021,18.0,,https://unstats.un.org/unsd/demographic-social/products/dyb/documents/dyb2021/Notes24.pdf,2022
QV.4,Idade mínima legal para casar por sexo,Idade mínima para casamento legal – Sem consentimento dos pais,Nova Caledônia,1.655.067.368,-2.141.742.531,"Oceania, ex. Austrália e Nova Zelândia",F,Femea,2021,2012-2021,18.0,,https://unstats.un.org/unsd/demographic-social/products/dyb/documents/dyb2021/Notes24.pdf,2022
QV.4,Idade mínima legal para casar por sexo,Idade mínima para casamento legal – Sem consentimento dos pais,Nova Zelândia,1.704.755.673,-4.398.721.568,Austrália e Nova Zelândia,M,Macho,2021,2012-2021,18.0,,https://unstats.un.org/unsd/demographic-social/products/dyb/documents/dyb2021/Notes24.pdf,2022
QV.4,Idade mínima legal para casar por sexo,Idade mínima para casamento legal – Sem consentimento dos pais,Nova Zelândia,1.704.755.673,-4.398.721.568,Austrália e Nova Zelândia,F,Femea,2021,2012-2021,18.0,,https://unstats.un.org/unsd/demographic-social/products/dyb/documents/dyb2021/Notes24.pdf,2022
QV.4,Idade mínima legal para casar por sexo,Idade mínima para casamento legal – Sem consentimento dos pais,Nicarágua,-8.503.060.315,1.284.210.839,América Latina e Caribe,M,Macho,2021,2012-2021,21.0,,https://unstats.un.org/unsd/demographic-social/products/dyb/documents/dyb2021/Notes24.pdf,2022
QV.4,Idade mínima legal para casar por sexo,Idade mínima para casamento legal – Sem consentimento dos pais,Nicarágua,-8.503.060.315,1.284.210.839,América Latina e Caribe,F,Femea,2021,2012-2021,21.0,,https://unstats.un.org/unsd/demographic-social/products/dyb/documents/dyb2021/Notes24.pdf,2022
QV.4,Idade mínima legal para casar por sexo,Idade mínima para casamento legal – Sem consentimento dos pais,Macedônia do Norte,217.007.909,4.160.048.068,Europa e América do Norte,M,Macho,2021,2012-2021,18.0,,https://unstats.un.org/unsd/demographic-social/products/dyb/documents/dyb2021/Notes24.pdf,2022
QV.4,Idade mínima legal para casar por sexo,Idade mínima para casamento legal – Sem consentimento dos pais,Macedônia do Norte,217.007.909,4.160.048.068,Europa e América do Norte,F,Macho,2021,2012-2021,18.0,,https://unstats.un.org/unsd/demographic-social/products/dyb/documents/dyb2021/Notes24.pdf,2022
QV.4,Idade mínima legal para casar por sexo,Idade mínima para casamento legal – Sem consentimento dos pais,Noruega,1.147.846.389,6.134.311.134,Ásia Central e Meridional,M,Femea,2021,2012-2021,18.0,,https://unstats.un.org/unsd/demographic-social/products/dyb/documents/dyb2021/Notes24.pdf,2022
QV.4,Idade mínima legal para casar por sexo,Idade mínima para casamento legal – Sem consentimento dos pais,Noruega,1.147.846.389,6.134.311.134,Europa e América do Norte,F,Macho,2021,2012-2021,18.0,,https://unstats.un.org/unsd/demographic-social/products/dyb/documents/dyb2021/Notes24.pdf,2022
QV.4,Idade mínima legal para casar por sexo,Idade mínima para casamento legal – Sem consentimento dos pais,Omã,5.787.743.482,2.198.805.614,Norte da África e Ásia Ocidental,M,Femea,2021,2012-2021,18.0,"A idade mínima legal em que o casamento pode ocorrer é a mesma, com ou sem consentimento dos pais",https://unstats.un.org/unsd/demographic-social/products/dyb/documents/dyb2021/Notes24.pdf,2022
QV.4,Idade mínima legal para casar por sexo,Idade mínima para casamento legal – Sem consentimento dos pais,Omã,5.787.743.482,2.198.805.614,Norte da África e Ásia Ocidental,F,Macho,2021,2012-2021,18.0,"A idade mínima legal em que o casamento pode ocorrer é a mesma, com ou sem consentimento dos pais",https://unstats.un.org/unsd/demographic-social/products/dyb/documents/dyb2021/Notes24.pdf,2022
QV.4,Idade mínima legal para casar por sexo,Idade mínima para casamento legal – Sem consentimento dos pais,Panamá,-8.126.616.623,8.450.965.746,América Latina e Caribe,M,Femea,2021,2012-2021,18.0,,https://unstats.un.org/unsd/demographic-social/products/dyb/documents/dyb2021/Notes24.pdf,2022
QV.4,Idade mínima legal para casar por sexo,Idade mínima para casamento legal – Sem consentimento dos pais,Panamá,-8.126.616.623,8.450.965.746,América Latina e Caribe,F,Macho,2021,2012-2021,18.0,,https://unstats.un.org/unsd/demographic-social/products/dyb/documents/dyb2021/Notes24.pdf,2022
QV.4,Idade mínima legal para casar por sexo,Idade mínima para casamento legal – Sem consentimento dos pais,Peru,-7.182.093.277,-1.358.939.705,América Latina e Caribe,M,Femea,2021,2012-2021,18.0,,https://unstats.un.org/unsd/demographic-social/products/dyb/documents/dyb2021/Notes24.pdf,2022
QV.4,Idade mínima legal para casar por sexo,Idade mínima para casamento legal – Sem consentimento dos pais,Peru,-7.182.093.277,-1.358.939.705,América Latina e Caribe,F,Macho,2021,2012-2021,18.0,,https://unstats.un.org/unsd/demographic-social/products/dyb/documents/dyb2021/Notes24.pdf,2022
QV.4,Idade mínima legal para casar por sexo,Idade mínima para casamento legal – Sem consentimento dos pais,Filipinas,1.208.601.418,1.416.591.706,Leste e Sudeste Asiático,M,Femea,2021,2012-2021,21.0,,https://unstats.un.org/unsd/demographic-social/products/dyb/documents/dyb2021/Notes24.pdf,2022
QV.4,Idade mínima legal para casar por sexo,Idade mínima para casamento legal – Sem consentimento dos pais,Filipinas,1.208.601.418,1.416.591.706,Leste e Sudeste Asiático,F,Macho,2021,2012-2021,21.0,,https://unstats.un.org/unsd/demographic-social/products/dyb/documents/dyb2021/Notes24.pdf,2022
QV.4,Idade mínima legal para casar por sexo,Idade mínima para casamento legal – Sem consentimento dos pais,Polônia,1.940.660.158,521.226.733,Europa e América do Norte,M,Femea,2021,2012-2021,18.0,As mulheres podem se casar aos 16 ou 17 anos com consentimento dos pais e do tribunal.,https://unstats.un.org/unsd/demographic-social/products/dyb/documents/dyb2021/Notes24.pdf,2022
QV.4,Idade mínima legal para casar por sexo,Idade mínima para casamento legal – Sem consentimento dos pais,Polônia,1.940.660.158,521.226.733,Europa e América do Norte,F,Macho,2021,2012-2021,18.0,As mulheres podem se casar aos 16 ou 17 anos com consentimento dos pais e do tribunal.,https://unstats.un.org/unsd/demographic-social/products/dyb/documents/dyb2021/Notes24.pdf,2022
QV.4,Idade mínima legal para casar por sexo,Idade mínima para casamento legal – Sem consentimento dos pais,Portugal,-7.961.599.811,3.968.509.315,Europa e América do Norte,M,Macho,2021,2012-2021,18.0,,https://unstats.un.org/unsd/demographic-social/products/dyb/documents/dyb2021/Notes24.pdf,2022
QV.4,Idade mínima legal para casar por sexo,Idade mínima para casamento legal – Sem consentimento dos pais,Portugal,-7.961.599.811,3.968.509.315,Europa e América do Norte,F,Femea,2021,2012-2021,18.0,,https://unstats.un.org/unsd/demographic-social/products/dyb/documents/dyb2021/Notes24.pdf,2022
QV.4,Idade mínima legal para casar por sexo,Idade mínima para casamento legal – Sem consentimento dos pais,Porto Rico,-6.647.591.017,1.822.753.799,América Latina e Caribe,M,Macho,2021,2012-2021,21.0,,https://unstats.un.org/unsd/demographic-social/products/dyb/documents/dyb2021/Notes24.pdf,2022
QV.4,Idade mínima legal para casar por sexo,Idade mínima para casamento legal – Sem consentimento dos pais,Porto Rico,-6.647.591.017,1.822.753.799,América Latina e Caribe,F,Femea,2021,2012-2021,21.0,,https://unstats.un.org/unsd/demographic-social/products/dyb/documents/dyb2021/Notes24.pdf,2022
QV.4,Idade mínima legal para casar por sexo,Idade mínima para casamento legal – Sem consentimento dos pais,República da Coreia,1.278.610.254,3.645.201.023,Leste e Sudeste Asiático,M,Macho,2021,2012-2021,19.0,,https://unstats.un.org/unsd/demographic-social/products/dyb/documents/dyb2021/Notes24.pdf,2022
QV.4,Idade mínima legal para casar por sexo,Idade mínima para casamento legal – Sem consentimento dos pais,República da Coreia,1.278.610.254,3.645.201.023,Leste e Sudeste Asiático,F,Femea,2021,2012-2021,19.0,,https://unstats.un.org/unsd/demographic-social/products/dyb/documents/dyb2021/Notes24.pdf,2022
QV.4,Idade mínima legal para casar por sexo,Idade mínima para casamento legal – Sem consentimento dos pais,República da Moldávia,284.650.624,4.720.236.795,Europa e América do Norte,M,Macho,2021,2012-2021,18.0,,https://unstats.un.org/unsd/demographic-social/products/dyb/documents/dyb2021/Notes24.pdf,2022
QV.4,Idade mínima legal para casar por sexo,Idade mínima para casamento legal – Sem consentimento dos pais,República da Moldávia,284.650.624,4.720.236.795,Europa e América do Norte,F,Femea,2021,2012-2021,16.0,,https://unstats.un.org/unsd/demographic-social/products/dyb/documents/dyb2021/Notes24.pdf,2022
QV.4,Idade mínima legal para casar por sexo,Idade mínima para casamento legal – Sem consentimento dos pais,Romênia,2.498.481.009,4.583.893.563,Europa e América do Norte,M,Macho,2021,2012-2021,18.0,"O casamento de menores de 18 anos requer o consentimento dos pais, um atestado médico e o acordo do tribunal de família local.",https://unstats.un.org/unsd/demographic-social/products/dyb/documents/dyb2021/Notes24.pdf,2022
QV.4,Idade mínima legal para casar por sexo,Idade mínima para casamento legal – Sem consentimento dos pais,Romênia,2.498.481.009,4.583.893.563,Europa e América do Norte,F,Femea,2021,2012-2021,18.0,"O casamento de menores de 18 anos requer o consentimento dos pais, um atestado médico e o acordo do tribunal de família local.",https://unstats.un.org/unsd/demographic-social/products/dyb/documents/dyb2021/Notes24.pdf,2022
QV.4,Idade mínima legal para casar por sexo,Idade mínima para casamento legal – Sem consentimento dos pais,Federação Russa,9.901.404.926,6.161.899.849,Europa e América do Norte,M,Macho,2021,2012-2021,18.0,,https://unstats.un.org/unsd/demographic-social/products/dyb/documents/dyb2021/Notes24.pdf,2022
QV.4,Idade mínima legal para casar por sexo,Idade mínima para casamento legal – Sem consentimento dos pais,Federação Russa,9.901.404.926,6.161.899.849,Europa e América do Norte,F,Femea,2021,2012-2021,18.0,,https://unstats.un.org/unsd/demographic-social/products/dyb/documents/dyb2021/Notes24.pdf,2022
QV.4,Idade mínima legal para casar por sexo,Idade mínima para casamento legal – Sem consentimento dos pais,Santa Helena,-5.705.752.501,-1.596.503.946,África Subsaariana,M,Macho,2021,2012-2021,21.0,,https://unstats.un.org/unsd/demographic-social/products/dyb/documents/dyb2021/Notes24.pdf,2022
QV.4,Idade mínima legal para casar por sexo,Idade mínima para casamento legal – Sem consentimento dos pais,Santa Helena,-5.705.752.501,-1.596.503.946,África Subsaariana,F,Femea,2021,2012-2021,21.0,,https://unstats.un.org/unsd/demographic-social/products/dyb/documents/dyb2021/Notes24.pdf,2022
QV.4,Idade mínima legal para casar por sexo,Idade mínima para casamento legal – Sem consentimento dos pais,São Vicente e Granadinas,-6.119.024.321,1.324.627.968,América Latina e Caribe,M,Macho,2021,2012-2021,18.0,,https://unstats.un.org/unsd/demographic-social/products/dyb/documents/dyb2021/Notes24.pdf,2022
QV.4,Idade mínima legal para casar por sexo,Idade mínima para casamento legal – Sem consentimento dos pais,São Vicente e Granadinas,-6.119.024.321,1.324.627.968,América Latina e Caribe,F,Female,2021,2012-2021,18.0,,https://unstats.un.org/unsd/demographic-social/products/dyb/documents/dyb2021/Notes24.pdf,2022
QV.4,Idade mínima legal para casar por sexo,Idade mínima para casamento legal – Sem consentimento dos pais,São Marino,1.246.329.038,4.393.841.766,Europa e América do Norte,M,Male,2021,2012-2021,18.0,Os chefes do Estado de São Marino podem permitir o casamento de homens com 14 anos ou mais e de mulheres com 12 anos ou mais.,https://unstats.un.org/unsd/demographic-social/products/dyb/documents/dyb2021/Notes24.pdf,2022
QV.4,Idade mínima legal para casar por sexo,Idade mínima para casamento legal – Sem consentimento dos pais,São Marino,1.246.329.038,4.393.841.766,Europa e América do Norte,F,Female,2021,2012-2021,18.0,Os chefes do Estado de São Marino podem permitir o casamento de homens com 14 anos ou mais e de mulheres com 12 anos ou mais.,https://unstats.un.org/unsd/demographic-social/products/dyb/documents/dyb2021/Notes24.pdf,2022
QV.4,Idade mínima legal para casar por sexo,Idade mínima para casamento legal – Sem consentimento dos pais,Senegal,-1.446.636.926,1.435.920.905,África Subsaariana,M,Male,2021,2012-2021,18.0,,https://unstats.un.org/unsd/demographic-social/products/dyb/documents/dyb2021/Notes24.pdf,2022
QV.4,Idade mínima legal para casar por sexo,Idade mínima para casamento legal – Sem consentimento dos pais,Senegal,-1.446.636.926,1.435.920.905,África Subsaariana,F,Female,2021,2012-2021,18.0,,https://unstats.un.org/unsd/demographic-social/products/dyb/documents/dyb2021/Notes24.pdf,2022
QV.4,Idade mínima legal para casar por sexo,Idade mínima para casamento legal – Sem consentimento dos pais,Sérvia,20.805.876,4.403.145.697,Europa e América do Norte,M,Male,2021,2012-2021,18.0,"O casamento não é permitido para menores de 18 anos; só o tribunal pode, por justa causa, permitir o casamento com um menor que tenha atingido a idade de 16 anos e atingido a maturidade física e mental para exercer os direitos e responsabilidades do casamento. O consentimento dos pais não é necessário.",https://unstats.un.org/unsd/demographic-social/products/dyb/documents/dyb2021/Notes24.pdf,2022
QV.4,Idade mínima legal para casar por sexo,Idade mínima para casamento legal – Sem consentimento dos pais,Sérvia,20.805.876,4.403.145.697,Europa e América do Norte,F,Female,2021,2012-2021,18.0,"O casamento não é permitido para menores de 18 anos; só o tribunal pode, por justa causa, permitir o casamento com um menor que tenha atingido a idade de 16 anos e atingido a maturidade física e mental para exercer os direitos e responsabilidades do casamento. O consentimento dos pais não é necessário.",https://unstats.un.org/unsd/demographic-social/products/dyb/documents/dyb2021/Notes24.pdf,2022
QV.4,Idade mínima legal para casar por sexo,Idade mínima para casamento legal – Sem consentimento dos pais,Seicheles,5.546.561.591,-4.678.053.059,África Subsaariana,M,Male,2021,2012-2021,18.0,,https://unstats.un.org/unsd/demographic-social/products/dyb/documents/dyb2021/Notes24.pdf,2022
QV.4,Idade mínima legal para casar por sexo,Idade mínima para casamento legal – Sem consentimento dos pais,Seicheles,5.546.561.591,-4.678.053.059,África Subsaariana,F,Female,2021,2012-2021,18.0,,https://unstats.un.org/unsd/demographic-social/products/dyb/documents/dyb2021/Notes24.pdf,2022
QV.4,Idade mínima legal para casar por sexo,Idade mínima para casamento legal – Sem consentimento dos pais,Serra Leoa,-1.178.306.584,8.568.604.164,África Subsaariana,M,Male,2021,2012-2021,18.0,"A idade mínima legal em que o casamento pode ocorrer é a mesma, com ou sem consentimento dos pais",https://unstats.un.org/unsd/demographic-social/products/dyb/documents/dyb2021/Notes24.pdf,2022
QV.4,Idade mínima legal para casar por sexo,Idade mínima para casamento legal – Sem consentimento dos pais,Serra Leoa,-1.178.306.584,8.568.604.164,África Subsaariana,F,Female,2021,2012-2021,18.0,"A idade mínima legal em que o casamento pode ocorrer é a mesma, com ou sem consentimento dos pais",https://unstats.un.org/unsd/demographic-social/products/dyb/documents/dyb2021/Notes24.pdf,2022
QV.4,Idade mínima legal para casar por sexo,Idade mínima para casamento legal – Sem consentimento dos pais,Cingapura,1.038.107.883,1.361.009.155,Leste e Sudeste Asiático,M,Male,2021,2012-2021,21.0,"A idade mínima legal para casar refere-se aos casamentos contraídos ao abrigo da Carta da Mulher. Para os casamentos muçulmanos ao abrigo da Lei de Administração da Lei Muçulmana, nenhum casamento será solenizado quando uma das partes tiver menos de 18 anos de idade. Não obstante, as mulheres muçulmanas com menos de 18 anos que tenham atingido a idade da puberdade podem casar-se ao abrigo da Lei de Administração da Lei Muçulmana.",https://unstats.un.org/unsd/demographic-social/products/dyb/documents/dyb2021/Notes24.pdf,2022
QV.4,Idade mínima legal para casar por sexo,Idade mínima para casamento legal – Sem consentimento dos pais,Cingapura,1.038.107.883,1.361.009.155,Leste e Sudeste Asiático,F,Female,2021,2012-2021,21.0,"A idade mínima legal para casar refere-se aos casamentos contraídos ao abrigo da Carta da Mulher. Para os casamentos muçulmanos ao abrigo da Lei de Administração da Lei Muçulmana, nenhum casamento será solenizado quando uma das partes tiver menos de 18 anos de idade. Não obstante, as mulheres muçulmanas com menos de 18 anos que tenham atingido a idade da puberdade podem casar-se ao abrigo da Lei de Administração da Lei Muçulmana.",https://unstats.un.org/unsd/demographic-social/products/dyb/documents/dyb2021/Notes24.pdf,2022
QV.4,Idade mínima legal para casar por sexo,Idade mínima para casamento legal – Sem consentimento dos pais,Eslováquia,1.948.495.604,4.870.741.446,Europa e América do Norte,M,Male,2021,2012-2021,16.0,,https://unstats.un.org/unsd/demographic-social/products/dyb/documents/dyb2021/Notes24.pdf,2022
QV.4,Idade mínima legal para casar por sexo,Idade mínima para casamento legal – Sem consentimento dos pais,Eslováquia,1.948.495.604,4.870.741.446,Europa e América do Norte,F,Female,2021,2012-2021,16.0,,https://unstats.un.org/unsd/demographic-social/products/dyb/documents/dyb2021/Notes24.pdf,2022
QV.4,Idade mínima legal para casar por sexo,Idade mínima para casamento legal – Sem consentimento dos pais,Eslovênia,1.482.209.486,4.611.958.061,Europa e América do Norte,M,Male,2021,2012-2021,18.0,,https://unstats.un.org/unsd/demographic-social/products/dyb/documents/dyb2021/Notes24.pdf,2022
QV.4,Idade mínima legal para casar por sexo,Idade mínima para casamento legal – Sem consentimento dos pais,Eslovênia,1.482.209.486,4.611.958.061,Europa e América do Norte,F,Female,2021,2012-2021,18.0,,https://unstats.un.org/unsd/demographic-social/products/dyb/documents/dyb2021/Notes24.pdf,2022
QV.4,Idade mínima legal para casar por sexo,Idade mínima para casamento legal – Sem consentimento dos pais,África do Sul,2.467.184.355,-2.999.957.544,África Subsaariana,M,Male,2021,2012-2021,21.0,"Os casamentos com menos de 18 anos podem ser realizados com consentimento dos pais ou com permissão judicial se o consentimento dos pais tiver sido recusado injustificadamente. Além disso, os rapazes com menos de 18 anos e as raparigas com menos de 16 anos também podem ser obrigados a obter o consentimento do Ministro da Administração Interna.",https://unstats.un.org/unsd/demographic-social/products/dyb/documents/dyb2021/Notes24.pdf,2022
QV.4,Idade mínima legal para casar por sexo,Idade mínima para casamento legal – Sem consentimento dos pais,África do Sul,2.467.184.355,-2.999.957.544,África Subsaariana,F,Female,2021,2012-2021,21.0,"Os casamentos com menos de 18 anos podem ser realizados com consentimento dos pais ou com permissão judicial se o consentimento dos pais tiver sido recusado injustificadamente. Além disso, os rapazes com menos de 18 anos e as raparigas com menos de 16 anos também podem ser obrigados a obter o consentimento do Ministro da Administração Interna.",https://unstats.un.org/unsd/demographic-social/products/dyb/documents/dyb2021/Notes24.pdf,2022
QV.4,Idade mínima legal para casar por sexo,Idade mínima para casamento legal – Sem consentimento dos pais,Espanha,-3.554.078.296,4.039.211.472,Europa e América do Norte,M,Male,2021,2012-2021,18.0,,https://unstats.un.org/unsd/demographic-social/products/dyb/documents/dyb2021/Notes24.pdf,2022
QV.4,Idade mínima legal para casar por sexo,Idade mínima para casamento legal – Sem consentimento dos pais,Espanha,-3.554.078.296,4.039.211.472,Europa e América do Norte,F,Female,2021,2012-2021,18.0,,https://unstats.un.org/unsd/demographic-social/products/dyb/documents/dyb2021/Notes24.pdf,2022
QV.4,Idade mínima legal para casar por sexo,Idade mínima para casamento legal – Sem consentimento dos pais,Estado da Palestina,3.525.694.122,3.194.347.933,Norte da África e Ásia Ocidental,M,Male,2021,2012-2021,15.5,"A idade legal de casamento para mulheres é 14 anos, 6 meses e 22 dias. Deve haver consentimento dos pais (pai ou irmão se o pai for falecido). A idade legal para casar para homens é 15 anos, 6 meses e 21 dias. O consentimento dos pais não é necessário.",https://unstats.un.org/unsd/demographic-social/products/dyb/documents/dyb2021/Notes24.pdf,2022
QV.4,Idade mínima legal para casar por sexo,Idade mínima para casamento legal – Sem consentimento dos pais,Suriname,-5.590.626.394,4.132.603.197,América Latina e Caribe,M,Male,2021,2012-2021,21.0,,https://unstats.un.org/unsd/demographic-social/products/dyb/documents/dyb2021/Notes24.pdf,2022
QV.4,Idade mínima legal para casar por sexo,Idade mínima para casamento legal – Sem consentimento dos pais,Suriname,-5.590.626.394,4.132.603.197,América Latina e Caribe,F,Female,2021,2012-2021,21.0,,https://unstats.un.org/unsd/demographic-social/products/dyb/documents/dyb2021/Notes24.pdf,2022
QV.4,Idade mínima legal para casar por sexo,Idade mínima para casamento legal – Sem consentimento dos pais,Suécia,143.775.338,6.060.103.109,Europa e América do Norte,M,Male,2021,2012-2021,18.0,"Com consentimento dos pais, não há limite, mas as autoridades devem aprovar; sem consentimento dos pais, 18 anos de idade para cidadãos suecos.",https://unstats.un.org/unsd/demographic-social/products/dyb/documents/dyb2021/Notes24.pdf,2022
QV.4,Idade mínima legal para casar por sexo,Idade mínima para casamento legal – Sem consentimento dos pais,Suécia,143.775.338,6.060.103.109,Europa e América do Norte,F,Female,2021,2012-2021,18.0,"Com consentimento dos pais, não há limite, mas as autoridades devem aprovar; sem consentimento dos pais, 18 anos de idade para cidadãos suecos.",https://unstats.un.org/unsd/demographic-social/products/dyb/documents/dyb2021/Notes24.pdf,2022
QV.4,Idade mínima legal para casar por sexo,Idade mínima para casamento legal – Sem consentimento dos pais,Suíça,8.223.158,4.696.617.097,Europa e América do Norte,M,Male,2021,2012-2021,18.0,,https://unstats.un.org/unsd/demographic-social/products/dyb/documents/dyb2021/Notes24.pdf,2022
QV.4,Idade mínima legal para casar por sexo,Idade mínima para casamento legal – Sem consentimento dos pais,Suíça,8.223.158,4.696.617.097,Europa e América do Norte,F,Female,2021,2012-2021,18.0,,https://unstats.un.org/unsd/demographic-social/products/dyb/documents/dyb2021/Notes24.pdf,2022
QV.4,Idade mínima legal para casar por sexo,Idade mínima para casamento legal – Sem consentimento dos pais,Tadjiquistão,69.294.998,3.843.069.666,Ásia Central e Meridional,M,Male,2021,2012-2021,18.0,,https://unstats.un.org/unsd/demographic-social/products/dyb/documents/dyb2021/Notes24.pdf,2022
QV.4,Idade mínima legal para casar por sexo,Idade mínima para casamento legal – Sem consentimento dos pais,Tadjiquistão,69.294.998,3.843.069.666,Ásia Central e Meridional,F,Female,2021,2012-2021,18.0,,https://unstats.un.org/unsd/demographic-social/products/dyb/documents/dyb2021/Notes24.pdf,2022
QV.4,Idade mínima legal para casar por sexo,Idade mínima para casamento legal – Sem consentimento dos pais,Trinidad e Tobago,-6.129.389.504,1.041.877.263,América Latina e Caribe,M,Male,2021,2012-2021,18.0,"Com consentimento dos pais, a idade para casar é de 14 anos para homens e 12 anos para mulheres em casamento civil; 16 anos para homens e 12 anos para mulheres em casamento muçulmano; 18 anos para homens e 14 anos para mulheres em casamento hindu; e 18 anos para homens e 16 para mulheres no casamento Orisa.",https://unstats.un.org/unsd/demographic-social/products/dyb/documents/dyb2021/Notes24.pdf,2022
QV.4,Idade mínima legal para casar por sexo,Idade mínima para casamento legal – Sem consentimento dos pais,Trinidad e Tobago,-6.129.389.504,1.041.877.263,América Latina e Caribe,F,Female,2021,2012-2021,18.0,"Com consentimento dos pais, a idade para casar é de 14 anos para homens e 12 anos para mulheres em casamento civil; 16 anos para homens e 12 anos para mulheres em casamento muçulmano; 18 anos para homens e 14 anos para mulheres em casamento hindu; e 18 anos para homens e 16 para mulheres no casamento Orisa.",https://unstats.un.org/unsd/demographic-social/products/dyb/documents/dyb2021/Notes24.pdf,2022
QV.4,Idade mínima legal para casar por sexo,Idade mínima para casamento legal – Sem consentimento dos pais,Tunísia,9.572.737.411,3.411.439.971,Norte da África e Ásia Ocidental,M,Male,2021,2012-2021,18.0,,https://unstats.un.org/unsd/demographic-social/products/dyb/documents/dyb2021/Notes24.pdf,2022
QV.4,Idade mínima legal para casar por sexo,Idade mínima para casamento legal – Sem consentimento dos pais,Tunísia,9.572.737.411,3.411.439.971,Norte da África e Ásia Ocidental,F,Female,2021,2012-2021,18.0,,https://unstats.un.org/unsd/demographic-social/products/dyb/documents/dyb2021/Notes24.pdf,2022
QV.4,Idade mínima legal para casar por sexo,Idade mínima para casamento legal – Sem consentimento dos pais,Turquia,3.542.890.329,389.899.684,Norte da África e Ásia Ocidental,M,Male,2021,2012-2021,18.0,,https://unstats.un.org/unsd/demographic-social/products/dyb/documents/dyb2021/Notes24.pdf,2022
QV.4,Idade mínima legal para casar por sexo,Idade mínima para casamento legal – Sem consentimento dos pais,Turquia,3.542.890.329,389.899.684,Norte da África e Ásia Ocidental,F,Female,2021,2012-2021,18.0,,https://unstats.un.org/unsd/demographic-social/products/dyb/documents/dyb2021/Notes24.pdf,2022
QV.4,Idade mínima legal para casar por sexo,Idade mínima para casamento legal – Sem consentimento dos pais,Uganda,3.239.100.438,1.279.557.331,África Subsaariana,M,Male,2021,2012-2021,18.0,"A idade mínima legal em que o casamento pode ocorrer é a mesma, com ou sem consentimento dos pais; Conforme relatado pelo Gabinete de Estatísticas do Uganda, os casamentos com ou sem consentimento dos pais podem ocorrer muito antes dos 18 anos de idade.",https://unstats.un.org/unsd/demographic-social/products/dyb/documents/dyb2021/Notes24.pdf,2022
QV.4,Idade mínima legal para casar por sexo,Idade mínima para casamento legal – Sem consentimento dos pais,Uganda,3.239.100.438,1.279.557.331,África Subsaariana,F,Female,2021,2012-2021,18.0,"A idade mínima legal em que o casamento pode ocorrer é a mesma, com ou sem consentimento dos pais; Conforme relatado pelo Gabinete de Estatísticas do Uganda, os casamentos com ou sem consentimento dos pais podem ocorrer muito antes dos 18 anos de idade.",https://unstats.un.org/unsd/demographic-social/products/dyb/documents/dyb2021/Notes24.pdf,2022
QV.4,Idade mínima legal para casar por sexo,Idade mínima para casamento legal – Sem consentimento dos pais,Ucrânia,3.140.270.802,4.900.735.945,Europa e América do Norte,M,Male,2021,2012-2021,18.0,Pessoas menores de 18 anos precisam de aprovação do juiz para se casar.,https://unstats.un.org/unsd/demographic-social/products/dyb/documents/dyb2021/Notes24.pdf,2022
QV.4,Idade mínima legal para casar por sexo,Idade mínima para casamento legal – Sem consentimento dos pais,Ucrânia,3.140.270.802,4.900.735.945,Europa e América do Norte,F,Female,2021,2012-2021,18.0,Pessoas menores de 18 anos precisam de aprovação do juiz para se casar.,https://unstats.un.org/unsd/demographic-social/products/dyb/documents/dyb2021/Notes24.pdf,2022
QV.4,Idade mínima legal para casar por sexo,Idade mínima para casamento legal – Sem consentimento dos pais,Emirados Árabes Unidos,5.398.279.159,2.343.322.219,Norte da África e Ásia Ocidental,M,Male,2021,2012-2021,18.0,Pessoas menores de 18 anos precisam de aprovação do juiz para se casar.,https://unstats.un.org/unsd/demographic-social/products/dyb/documents/dyb2021/Notes24.pdf,2022
QV.4,Idade mínima legal para casar por sexo,Idade mínima para casamento legal – Sem consentimento dos pais,Emirados Árabes Unidos,5.398.279.159,2.343.322.219,Norte da África e Ásia Ocidental,F,Female,2021,2012-2021,18.0,Pessoas menores de 18 anos precisam de aprovação do juiz para se casar.,https://unstats.un.org/unsd/demographic-social/products/dyb/documents/dyb2021/Notes24.pdf,2022
QV.4,Idade mínima legal para casar por sexo,Idade mínima para casamento legal – Sem consentimento dos pais,Reino Unido da Grã-Bretanha e Irlanda do Norte,-223.830.539,5.327.691.757,Europa e América do Norte,M,Male,2021,2012-2021,18.0,,https://unstats.un.org/unsd/demographic-social/products/dyb/documents/dyb2021/Notes24.pdf,2022
QV.4,Idade mínima legal para casar por sexo,Idade mínima para casamento legal – Sem consentimento dos pais,Reino Unido da Grã-Bretanha e Irlanda do Norte,-223.830.539,5.327.691.757,Europa e América do Norte,F,Female,2021,2012-2021,18.0,,https://unstats.un.org/unsd/demographic-social/products/dyb/documents/dyb2021/Notes24.pdf,2022
QV.4,Idade mínima legal para casar por sexo,Idade mínima para casamento legal – Sem consentimento dos pais,Uruguai,-5.601.387.025,-328.002.838,América Latina e Caribe,M,Male,2021,2012-2021,18.0,,https://unstats.un.org/unsd/demographic-social/products/dyb/documents/dyb2021/Notes24.pdf,2022
QV.4,Idade mínima legal para casar por sexo,Idade mínima para casamento legal – Sem consentimento dos pais,Uruguai,-5.601.387.025,-328.002.838,América Latina e Caribe,F,Female,2021,2012-2021,18.0,,https://unstats.un.org/unsd/demographic-social/products/dyb/documents/dyb2021/Notes24.pdf,2022
QV.4,Idade mínima legal para casar por sexo,Idade mínima para casamento legal – Sem consentimento dos pais,Venezuela (República Bolivariana da),-6.615.642.084,7.121.324.748,América Latina e Caribe,M,Male,2021,2012-2021,18.0,,https://unstats.un.org/unsd/demographic-social/products/dyb/documents/dyb2021/Notes24.pdf,2022
QV.4,Idade mínima legal para casar por sexo,Idade mínima para casamento legal – Sem consentimento dos pais,Venezuela (República Bolivariana da),-6.615.642.084,7.121.324.748,América Latina e Caribe,F,Female,2021,2012-2021,18.0,,https://unstats.un.org/unsd/demographic-social/products/dyb/documents/dyb2021/Notes24.pdf,2022
QV.4,Idade mínima legal para casar por sexo,Idade mínima para casamento legal – Sem consentimento dos pais,Vietnã,105.802.499,1.009.643.079,Leste e Sudeste Asiático,M,Male,2021,2012-2021,20.0,,https://unstats.un.org/unsd/demographic-social/products/dyb/documents/dyb2021/Notes24.pdf,2022
QV.4,Idade mínima legal para casar por sexo,Idade mínima para casamento legal – Sem consentimento dos pais,Vietnã,105.802.499,1.009.643.079,Leste e Sudeste Asiático,F,Female,2021,2012-2021,18.0,,https://unstats.un.org/unsd/demographic-social/products/dyb/documents/dyb2021/Notes24.pdf,2022
QV.4,Idade mínima legal para casar por sexo,Idade mínima para casamento legal – Sem consentimento dos pais,Zimbábue,2.986.909.584,-1.900.075.492,África Subsaariana,M,Male,2021,2012-2021,18.0,,https://unstats.un.org/unsd/demographic-social/products/dyb/documents/dyb2021/Notes24.pdf,2022
QV.4,Idade mínima legal para casar por sexo,Idade mínima para casamento legal – Sem consentimento dos pais,Zimbábue,2.986.909.584,-1.900.075.492,África Subsaariana,F,Female,2021,2012-2021,18.0,,https://unstats.un.org/unsd/demographic-social/products/dyb/documents/dyb2021/Notes24.pdf,2022