ID do indicador,descrição do indicador,descrição da série de mentalidade,area de referencia,descrição da area de refêrencia,iso3,x,y,região ODS,sexo,descrição de sexo,período de tempo,detalhe de tempo,modificador de valor obs,valor de observação,nature,observação de comentários,source_detail,source_detail_url,source_year,dimensions,is_latest_year
Ifdb90d43,Idade mínima legal para casar por sexo,Idade mínima para casamento legal - Com consentimento dos pais,8,Albânia,ALB,2.006.660.928,4.113.897.007,Europa e América do Norte,M,Macho,2021,2012-2021,<,18.0,C,,Demographic Yearbook 2021,https://unstats.un.org/unsd/demographic-social/products/dyb/documents/dyb2021/Notes24.pdf,2022,sex,1
Ifdb90d43,Idade mínima legal para casar por sexo,Idade mínima para casamento legal - Com consentimento dos pais,8,Albânia,ALB,2.006.660.928,4.113.897.007,Europa e América do Norte,F,Femea,2021,2012-2021,<,18.0,C,,Demographic Yearbook 2021,https://unstats.un.org/unsd/demographic-social/products/dyb/documents/dyb2021/Notes24.pdf,2022,sex,1
Ifdb90d43,Idade mínima legal para casar por sexo,Idade mínima para casamento legal - Com consentimento dos pais,20,Andorra,AND,1.576.257.417,4.254.548.611,Europa e América do Norte,M,Macho,2021,2012-2021,,14.0,C,,Demographic Yearbook 2021,https://unstats.un.org/unsd/demographic-social/products/dyb/documents/dyb2021/Notes24.pdf,2022,sex,1
Ifdb90d43,Idade mínima legal para casar por sexo,Idade mínima para casamento legal - Com consentimento dos pais,20,Andorra,AND,1.576.257.417,4.254.548.611,Europa e América do Norte,F,Femea,2021,2012-2021,,14.0,C,,Demographic Yearbook 2021,https://unstats.un.org/unsd/demographic-social/products/dyb/documents/dyb2021/Notes24.pdf,2022,sex,1
Ifdb90d43,Idade mínima legal para casar por sexo,Idade mínima para casamento legal - Com consentimento dos pais,660,Anguila,AIA,-6.305.651.612,1.821.525.315,América Latina e Caribe,M,Macho,2021,2012-2021,,16.0,C,,Demographic Yearbook 2021,https://unstats.un.org/unsd/demographic-social/products/dyb/documents/dyb2021/Notes24.pdf,2022,sex,1
Ifdb90d43,Idade mínima legal para casar por sexo,Idade mínima para casamento legal - Com consentimento dos pais,660,Anguila,AIA,-6.305.651.612,1.821.525.315,América Latina e Caribe,F,Femea,2021,2012-2021,,16.0,C,,Demographic Yearbook 2021,https://unstats.un.org/unsd/demographic-social/products/dyb/documents/dyb2021/Notes24.pdf,2022,sex,1
Ifdb90d43,Idade mínima legal para casar por sexo,Idade mínima para casamento legal - Com consentimento dos pais,32,Argentina,ARG,-6.514.563.274,-3.519.446.255,América Latina e Caribe,M,Macho,2021,2012-2021,,18.0,C,,Demographic Yearbook 2021,https://unstats.un.org/unsd/demographic-social/products/dyb/documents/dyb2021/Notes24.pdf,2022,sex,1
Ifdb90d43,Idade mínima legal para casar por sexo,Idade mínima para casamento legal - Com consentimento dos pais,32,Argentina,ARG,-6.514.563.274,-3.519.446.255,América Latina e Caribe,F,Femea,2021,2012-2021,,16.0,C,,Demographic Yearbook 2021,https://unstats.un.org/unsd/demographic-social/products/dyb/documents/dyb2021/Notes24.pdf,2022,sex,1
Ifdb90d43,Idade mínima legal para casar por sexo,Idade mínima para casamento legal - Com consentimento dos pais,533,Aruba,ABW,-6.997.050.586,1.250.878.756,América Latina e Caribe,M,Macho,2021,2012-2021,,16.0,C,"A idade mínima legal para casar é de 18 anos, com duas exceções: se os interessados tiverem mais de 16 anos e a mulher estiver grávida ou tiver dado à luz ou o Ministro da Segurança e Justiça conceder dispensa a seu pedido.",Demographic Yearbook 2021,https://unstats.un.org/unsd/demographic-social/products/dyb/documents/dyb2021/Notes24.pdf,2022,sex,1
Ifdb90d43,Idade mínima legal para casar por sexo,Idade mínima para casamento legal - Com consentimento dos pais,533,Aruba,ABW,-6.997.050.586,1.250.878.756,América Latina e Caribe,F,Femea,2021,2012-2021,,16.0,C,"A idade mínima legal para casar é de 18 anos, com duas exceções: se os interessados tiverem mais de 16 anos e a mulher estiver grávida ou tiver dado à luz ou o Ministro da Segurança e Justiça conceder dispensa a seu pedido.",Demographic Yearbook 2021,https://unstats.un.org/unsd/demographic-social/products/dyb/documents/dyb2021/Notes24.pdf,2022,sex,1
Ifdb90d43,Idade mínima legal para casar por sexo,Idade mínima para casamento legal - Com consentimento dos pais,36,Austrália,AUS,1.343.499.412,-2.557.717.202,Austrália e Nova Zelândia,M,Macho,2021,2012-2021,,16.0,C,Pessoas com 16 ou 17 anos precisam de autorização judicial.,Demographic Yearbook 2021,https://unstats.un.org/unsd/demographic-social/products/dyb/documents/dyb2021/Notes24.pdf,2022,sex,1
Ifdb90d43,Idade mínima legal para casar por sexo,Idade mínima para casamento legal - Com consentimento dos pais,36,Austrália,AUS,1.343.499.412,-2.557.717.202,Austrália e Nova Zelândia,F,Femea,2021,2012-2021,,16.0,C,Pessoas com 16 ou 17 anos precisam de autorização judicial.,Demographic Yearbook 2021,https://unstats.un.org/unsd/demographic-social/products/dyb/documents/dyb2021/Notes24.pdf,2022,sex,1
Ifdb90d43,Idade mínima legal para casar por sexo,Idade mínima para casamento legal - Com consentimento dos pais,40,Áustria,AUT,1.414.172.472,4.758.704.857,Europa e América do Norte,M,Macho,2021,2012-2021,,16.0,C,Pessoas com menos de 18 anos precisam de uma decisão judicial.,Demographic Yearbook 2021,https://unstats.un.org/unsd/demographic-social/products/dyb/documents/dyb2021/Notes24.pdf,2022,sex,1
Ifdb90d43,Idade mínima legal para casar por sexo,Idade mínima para casamento legal - Com consentimento dos pais,40,Áustria,AUT,1.414.172.472,4.758.704.857,Europa e América do Norte,F,Femea,2021,2012-2021,,16.0,C,Pessoas com menos de 18 anos precisam de uma decisão judicial.,Demographic Yearbook 2021,https://unstats.un.org/unsd/demographic-social/products/dyb/documents/dyb2021/Notes24.pdf,2022,sex,1
Ifdb90d43,Idade mínima legal para casar por sexo,Idade mínima para casamento legal - Com consentimento dos pais,31,Azerbaijão,AZE,5.001.064.725,4.039.229.544,Norte da África e Ásia Ocidental,M,Macho,2021,2012-2021,,18.0,C,,Demographic Yearbook 2021,https://unstats.un.org/unsd/demographic-social/products/dyb/documents/dyb2021/Notes24.pdf,2022,sex,1
Ifdb90d43,Idade mínima legal para casar por sexo,Idade mínima para casamento legal - Com consentimento dos pais,31,Azerbaijão,AZE,5.001.064.725,4.039.229.544,Norte da África e Ásia Ocidental,F,Femea,2021,2012-2021,,17.0,C,,Demographic Yearbook 2021,https://unstats.un.org/unsd/demographic-social/products/dyb/documents/dyb2021/Notes24.pdf,2022,sex,1
Ifdb90d43,Idade mínima legal para casar por sexo,Idade mínima para casamento legal - Com consentimento dos pais,112,Bielorrússia,BLR,2.804.940.161,5.354.193.075,Europa e América do Norte,M,Macho,2021,2012-2021,,15.0,C,,Demographic Yearbook 2021,https://unstats.un.org/unsd/demographic-social/products/dyb/documents/dyb2021/Notes24.pdf,2022,sex,1
Ifdb90d43,Idade mínima legal para casar por sexo,Idade mínima para casamento legal - Com consentimento dos pais,112,Bielorrússia,BLR,2.804.940.161,5.354.193.075,Europa e América do Norte,F,Femea,2021,2012-2021,,15.0,C,,Demographic Yearbook 2021,https://unstats.un.org/unsd/demographic-social/products/dyb/documents/dyb2021/Notes24.pdf,2022,sex,1
Ifdb90d43,Idade mínima legal para casar por sexo,Idade mínima para casamento legal - Com consentimento dos pais,60,Bermudas,BMU,-6.478.155.012,3.227.881.922,Europa e América do Norte,M,Macho,2021,2012-2021,,16.0,C,,Demographic Yearbook 2021,https://unstats.un.org/unsd/demographic-social/products/dyb/documents/dyb2021/Notes24.pdf,2022,sex,1
Ifdb90d43,Idade mínima legal para casar por sexo,Idade mínima para casamento legal - Com consentimento dos pais,60,Bermudas,BMU,-6.478.155.012,3.227.881.922,Europa e América do Norte,F,Femea,2021,2012-2021,,16.0,C,,Demographic Yearbook 2021,https://unstats.un.org/unsd/demographic-social/products/dyb/documents/dyb2021/Notes24.pdf,2022,sex,1
Ifdb90d43,Idade mínima legal para casar por sexo,Idade mínima para casamento legal - Com consentimento dos pais,68,Bolívia (Estado Plurinacional da),BOL,-6.466.224.284,-1.671.273.412,América Latina e Caribe,M,Macho,2021,2012-2021,,16.0,C,Noivos menores de 16 anos e noivas menores de 14 anos precisam de autorização judicial.,Demographic Yearbook 2021,https://unstats.un.org/unsd/demographic-social/products/dyb/documents/dyb2021/Notes24.pdf,2022,sex,1
Ifdb90d43,Idade mínima legal para casar por sexo,Idade mínima para casamento legal - Com consentimento dos pais,68,Bolívia (Estado Plurinacional da),BOL,-6.466.224.284,-1.671.273.412,América Latina e Caribe,F,Femea,2021,2012-2021,,14.0,C,Noivos menores de 16 anos e noivas menores de 14 anos precisam de autorização judicial.,Demographic Yearbook 2021,https://unstats.un.org/unsd/demographic-social/products/dyb/documents/dyb2021/Notes24.pdf,2022,sex,1
Ifdb90d43,Idade mínima legal para casar por sexo,Idade mínima para casamento legal - Com consentimento dos pais,72,Botsuana,BWA,2.381.380.223,-2.218.810.073,África Subsaariana,M,Macho,2021,2012-2021,,18.0,C,,Demographic Yearbook 2021,https://unstats.un.org/unsd/demographic-social/products/dyb/documents/dyb2021/Notes24.pdf,2022,sex,1
Ifdb90d43,Idade mínima legal para casar por sexo,Idade mínima para casamento legal - Com consentimento dos pais,72,Botsuana,BWA,2.381.380.223,-2.218.810.073,África Subsaariana,F,Femea,2021,2012-2021,,18.0,C,,Demographic Yearbook 2021,https://unstats.un.org/unsd/demographic-social/products/dyb/documents/dyb2021/Notes24.pdf,2022,sex,1
Ifdb90d43,Idade mínima legal para casar por sexo,Idade mínima para casamento legal - Com consentimento dos pais,76,Brasil,BRA,-5.308.432.878,-1.077.668.561,América Latina e Caribe,M,Macho,2021,2012-2021,,16.0,C,,Demographic Yearbook 2021,https://unstats.un.org/unsd/demographic-social/products/dyb/documents/dyb2021/Notes24.pdf,2022,sex,1
Ifdb90d43,Idade mínima legal para casar por sexo,Idade mínima para casamento legal - Com consentimento dos pais,76,Brasil,BRA,-5.308.432.878,-1.077.668.561,América Latina e Caribe,F,Femea,2021,2012-2021,,16.0,C,,Demographic Yearbook 2021,https://unstats.un.org/unsd/demographic-social/products/dyb/documents/dyb2021/Notes24.pdf,2022,sex,1
Ifdb90d43,Idade mínima legal para casar por sexo,Idade mínima para casamento legal - Com consentimento dos pais,100,Bulgária,BGR,2.523.763.153,4.275.731.323,Europa e América do Norte,M,Macho,2021,2012-2021,,16.0,C,,Demographic Yearbook 2021,https://unstats.un.org/unsd/demographic-social/products/dyb/documents/dyb2021/Notes24.pdf,2022,sex,1
Ifdb90d43,Idade mínima legal para casar por sexo,Idade mínima para casamento legal - Com consentimento dos pais,100,Bulgária,BGR,2.523.763.153,4.275.731.323,Europa e América do Norte,F,Femea,2021,2012-2021,,16.0,C,,Demographic Yearbook 2021,https://unstats.un.org/unsd/demographic-social/products/dyb/documents/dyb2021/Notes24.pdf,2022,sex,1
Ifdb90d43,Idade mínima legal para casar por sexo,Idade mínima para casamento legal - Com consentimento dos pais,854,Burkina Faso,BFA,-1.742.843.829,1.227.491.081,África Subsaariana,M,Macho,2021,2012-2021,,18.0,C,"Além disso, uma isenção de idade pode ser concedida por um tribunal civil por motivo grave a partir dos 15 anos para as mulheres e dos 18 anos para os homens.",Demographic Yearbook 2021,https://unstats.un.org/unsd/demographic-social/products/dyb/documents/dyb2021/Notes24.pdf,2022,sex,1
Ifdb90d43,Idade mínima legal para casar por sexo,Idade mínima para casamento legal - Com consentimento dos pais,854,Burkina Faso,BFA,-1.742.843.829,1.227.491.081,África Subsaariana,F,Femea,2021,2012-2021,,15.0,C,"Além disso, uma isenção de idade pode ser concedida por um tribunal civil por motivo grave a partir dos 15 anos para as mulheres e dos 18 anos para os homens.",Demographic Yearbook 2021,https://unstats.un.org/unsd/demographic-social/products/dyb/documents/dyb2021/Notes24.pdf,2022,sex,1
Ifdb90d43,Idade mínima legal para casar por sexo,Idade mínima para casamento legal - Com consentimento dos pais,120,Camarões,CMR,127.419.827,5.692.387.031,África Subsaariana,M,Macho,2021,2012-2021,,18.0,C,Os casamentos podem ser excepcionalmente autorizados pelo Presidente da República para noivas com pelo menos 13 anos de idade sem consentimento dos pais.,Demographic Yearbook 2021,https://unstats.un.org/unsd/demographic-social/products/dyb/documents/dyb2021/Notes24.pdf,2022,sex,1
Ifdb90d43,Idade mínima legal para casar por sexo,Idade mínima para casamento legal - Com consentimento dos pais,120,Camarões,CMR,127.419.827,5.692.387.031,Sub-Saharan Africa,F,Femea,2021,2012-2021,,15.0,C,Os casamentos podem ser excepcionalmente autorizados pelo Presidente da República para noivas com pelo menos 13 anos de idade sem consentimento dos pais.,Demographic Yearbook 2021,https://unstats.un.org/unsd/demographic-social/products/dyb/documents/dyb2021/Notes24.pdf,2022,sex,1
Ifdb90d43,Idade mínima legal para casar por sexo,Idade mínima para casamento legal - Com consentimento dos pais,124,Canadá,CAN,-1.016.575.058,5.772.360.191,Europa e América do Norte,M,Macho,2021,2012-2021,,16.0,C,"O casamento está sujeito às legislações provinciais e territoriais. Sem o consentimento dos pais, a idade mínima legal para o casamento ser realizado é de 18 anos em todas as províncias e territórios do Canadá, exceto na Colúmbia Britânica, Terra Nova e Labrador, Nova Escócia, Nunavut e Yukon, onde a idade mínima legal é de 19 anos. . Com o consentimento dos pais, a idade mínima legal é de 16 anos em todas as províncias, exceto nos Territórios do Noroeste, Nunavut e Yukon. Com o consentimento dos pais, nos Territórios do Noroeste e em Yukon, a idade mínima legal é de 15 anos, enquanto em Nunavut, a idade mínima legal é de 18 anos.",Demographic Yearbook 2021,https://unstats.un.org/unsd/demographic-social/products/dyb/documents/dyb2021/Notes24.pdf,2022,sex,1
Ifdb90d43,Idade mínima legal para casar por sexo,Idade mínima para casamento legal - Com consentimento dos pais,124,Canadá,CAN,-1.016.575.058,5.772.360.191,Europa e América do Norte,F,Femea,2021,2012-2021,,16.0,C,"O casamento está sujeito às legislações provinciais e territoriais. Sem o consentimento dos pais, a idade mínima legal para o casamento ser realizado é de 18 anos em todas as províncias e territórios do Canadá, exceto na Colúmbia Britânica, Terra Nova e Labrador, Nova Escócia, Nunavut e Yukon, onde a idade mínima legal é de 19 anos. . Com o consentimento dos pais, a idade mínima legal é de 16 anos em todas as províncias, exceto nos Territórios do Noroeste, Nunavut e Yukon. Com o consentimento dos pais, nos Territórios do Noroeste e em Yukon, a idade mínima legal é de 15 anos, enquanto em Nunavut, a idade mínima legal é de 18 anos.",Demographic Yearbook 2021,https://unstats.un.org/unsd/demographic-social/products/dyb/documents/dyb2021/Notes24.pdf,2022,sex,1
Ifdb90d43,Idade mínima legal para casar por sexo,Idade mínima para casamento legal - Com consentimento dos pais,136,Ilhas Cayman,CYM,-8.116.740.559,1.932.266.656,América Latina e Caribe,M,Macho,2021,2012-2021,,16.0,C,,Demographic Yearbook 2021,https://unstats.un.org/unsd/demographic-social/products/dyb/documents/dyb2021/Notes24.pdf,2022,sex,1
Ifdb90d43,Idade mínima legal para casar por sexo,Idade mínima para casamento legal - Com consentimento dos pais,136,Ilhas Cayman,CYM,-8.116.740.559,1.932.266.656,América Latina e Caribe,F,Femea,2021,2012-2021,,16.0,C,,Demographic Yearbook 2021,https://unstats.un.org/unsd/demographic-social/products/dyb/documents/dyb2021/Notes24.pdf,2022,sex,1
Ifdb90d43,Idade mínima legal para casar por sexo,Idade mínima para casamento legal - Com consentimento dos pais,152,Chile,CHL,-7.123.029.019,-352.652.885,"Oceania, ex. Austrália e Nova Zelândia",M,Macho,2021,2012-2021,,16.0,C,,Demographic Yearbook 2021,https://unstats.un.org/unsd/demographic-social/products/dyb/documents/dyb2021/Notes24.pdf,2022,sex,1
Ifdb90d43,Idade mínima legal para casar por sexo,Idade mínima para casamento legal - Com consentimento dos pais,152,Chile,CHL,-7.123.029.019,-352.652.885,América Latina e Caribe,F,Femea,2021,2012-2021,,16.0,C,,Demographic Yearbook 2021,https://unstats.un.org/unsd/demographic-social/products/dyb/documents/dyb2021/Notes24.pdf,2022,sex,1
Ifdb90d43,Idade mínima legal para casar por sexo,Idade mínima para casamento legal - Com consentimento dos pais,344,"China, Região Administrativa Especial de Hong Kong",HKG,1.140.266.445,2.241.749.934,Leste e Sudeste Asiático,M,Macho,2021,2012-2021,,16.0,C,,Demographic Yearbook 2021,https://unstats.un.org/unsd/demographic-social/products/dyb/documents/dyb2021/Notes24.pdf,2022,sex,1
Ifdb90d43,Idade mínima legal para casar por sexo,Idade mínima para casamento legal - Com consentimento dos pais,344,"China, Região Administrativa Especial de Hong Kong",HKG,1.140.266.445,2.241.749.934,Leste e Sudeste Asiático,F,Femea,2021,2012-2021,,16.0,C,,Demographic Yearbook 2021,https://unstats.un.org/unsd/demographic-social/products/dyb/documents/dyb2021/Notes24.pdf,2022,sex,1
Ifdb90d43,Idade mínima legal para casar por sexo,Idade mínima para casamento legal - Com consentimento dos pais,446,"China, Região Administrativa Especial de Macau",MAC,1.135.665.388,221.237.259,Leste e Sudeste Asiático,M,Macho,2021,2012-2021,,16.0,C,,Demographic Yearbook 2021,https://unstats.un.org/unsd/demographic-social/products/dyb/documents/dyb2021/Notes24.pdf,2022,sex,1
Ifdb90d43,Idade mínima legal para casar por sexo,Idade mínima para casamento legal - Com consentimento dos pais,446,"China, Região Administrativa Especial de Macau",MAC,1.135.665.388,221.237.259,Leste e Sudeste Asiático,F,Femea,2021,2012-2021,,16.0,C,,Demographic Yearbook 2021,https://unstats.un.org/unsd/demographic-social/products/dyb/documents/dyb2021/Notes24.pdf,2022,sex,1
Ifdb90d43,Idade mínima legal para casar por sexo,Idade mínima para casamento legal - Com consentimento dos pais,170,Colômbia,COL,-7.307.446.751,3.888.209.046,América Latina e Caribe,M,Macho,2021,2012-2021,,14.0,C,,Demographic Yearbook 2021,https://unstats.un.org/unsd/demographic-social/products/dyb/documents/dyb2021/Notes24.pdf,2022,sex,1
Ifdb90d43,Idade mínima legal para casar por sexo,Idade mínima para casamento legal - Com consentimento dos pais,170,Colômbia,COL,-7.307.446.751,3.888.209.046,América Latina e Caribe,F,Femea,2021,2012-2021,,14.0,C,,Demographic Yearbook 2021,https://unstats.un.org/unsd/demographic-social/products/dyb/documents/dyb2021/Notes24.pdf,2022,sex,1
Ifdb90d43,Idade mínima legal para casar por sexo,Idade mínima para casamento legal - Com consentimento dos pais,184,Ilhas Cook,COK,-1.597.711.391,-2.122.696.458,"Oceania, ex. Austrália e Nova Zelândia",M,Macho,2021,2012-2021,,16.0,C,,Demographic Yearbook 2021,https://unstats.un.org/unsd/demographic-social/products/dyb/documents/dyb2021/Notes24.pdf,2022,sex,1
Ifdb90d43,Idade mínima legal para casar por sexo,Idade mínima para casamento legal - Com consentimento dos pais,184,Ilhas Cook,COK,-1.597.711.391,-2.122.696.458,"Oceania, ex. Austrália e Nova Zelândia",F,Femea,2021,2012-2021,,16.0,C,,Demographic Yearbook 2021,https://unstats.un.org/unsd/demographic-social/products/dyb/documents/dyb2021/Notes24.pdf,2022,sex,1
Ifdb90d43,Idade mínima legal para casar por sexo,Idade mínima para casamento legal - Com consentimento dos pais,188,Costa Rica,CRI,-8.419.712.782,9.970.998.683,América Latina e Caribe,M,Macho,2021,2012-2021,,15.0,C,,Demographic Yearbook 2021,https://unstats.un.org/unsd/demographic-social/products/dyb/documents/dyb2021/Notes24.pdf,2022,sex,1
Ifdb90d43,Idade mínima legal para casar por sexo,Idade mínima para casamento legal - Com consentimento dos pais,188,Costa Rica,CRI,-8.419.712.782,9.970.998.683,América Latina e Caribe,F,Femea,2021,2012-2021,,15.0,C,,Demographic Yearbook 2021,https://unstats.un.org/unsd/demographic-social/products/dyb/documents/dyb2021/Notes24.pdf,2022,sex,1
Ifdb90d43,Idade mínima legal para casar por sexo,Idade mínima para casamento legal - Com consentimento dos pais,191,Croácia,HRV,1.795.874.553,4.545.172.212,Europa e América do Norte,M,Macho,2021,2012-2021,,16.0,C,,Demographic Yearbook 2021,https://unstats.un.org/unsd/demographic-social/products/dyb/documents/dyb2021/Notes24.pdf,2022,sex,1
Ifdb90d43,Idade mínima legal para casar por sexo,Idade mínima para casamento legal - Com consentimento dos pais,191,Croácia,HRV,1.795.874.553,4.545.172.212,Europa e América do Norte,F,Femea,2021,2012-2021,,16.0,C,,Demographic Yearbook 2021,https://unstats.un.org/unsd/demographic-social/products/dyb/documents/dyb2021/Notes24.pdf,2022,sex,1
Ifdb90d43,Idade mínima legal para casar por sexo,Idade mínima para casamento legal - Com consentimento dos pais,192,Cuba,CUB,-7.954.460.144,2.210.030.366,América Latina e Caribe,M,Macho,2021,2012-2021,,16.0,C,,Demographic Yearbook 2021,https://unstats.un.org/unsd/demographic-social/products/dyb/documents/dyb2021/Notes24.pdf,2022,sex,1
Ifdb90d43,Idade mínima legal para casar por sexo,Idade mínima para casamento legal - Com consentimento dos pais,192,Cuba,CUB,-7.954.460.144,2.210.030.366,América Latina e Caribe,F,Femea,2021,2012-2021,,14.0,C,,Demographic Yearbook 2021,https://unstats.un.org/unsd/demographic-social/products/dyb/documents/dyb2021/Notes24.pdf,2022,sex,1
Ifdb90d43,Idade mínima legal para casar por sexo,Idade mínima para casamento legal - Com consentimento dos pais,531,Curaçau,CUW,-6.895.033.464,1.215.058.042,América Latina e Caribe,M,Macho,2021,2012-2021,,16.0,C,,Demographic Yearbook 2021,https://unstats.un.org/unsd/demographic-social/products/dyb/documents/dyb2021/Notes24.pdf,2022,sex,1
Ifdb90d43,Idade mínima legal para casar por sexo,Idade mínima para casamento legal - Com consentimento dos pais,531,Curaçau,CUW,-6.895.033.464,1.215.058.042,América Latina e Caribe,F,Femea,2021,2012-2021,,16.0,C,,Demographic Yearbook 2021,https://unstats.un.org/unsd/demographic-social/products/dyb/documents/dyb2021/Notes24.pdf,2022,sex,1
Ifdb90d43,Idade mínima legal para casar por sexo,Idade mínima para casamento legal - Com consentimento dos pais,196,Chipre,CYP,3.322.285.964,3.505.659.437,Norte da África e Ásia Ocidental,M,Macho,2021,2012-2021,,16.0,C,,Demographic Yearbook 2021,https://unstats.un.org/unsd/demographic-social/products/dyb/documents/dyb2021/Notes24.pdf,2022,sex,1
Ifdb90d43,Idade mínima legal para casar por sexo,Idade mínima para casamento legal - Com consentimento dos pais,196,Chipre,CYP,3.322.285.964,3.505.659.437,Norte da África e Ásia Ocidental,F,Femea,2021,2012-2021,,16.0,C,,Demographic Yearbook 2021,https://unstats.un.org/unsd/demographic-social/products/dyb/documents/dyb2021/Notes24.pdf,2022,sex,1
Ifdb90d43,Idade mínima legal para casar por sexo,Idade mínima para casamento legal - Com consentimento dos pais,203,Tcheca,CZE,1.533.151.382,4.973.913.871,Europa e América do Norte,M,Macho,2021,2012-2021,,16.0,C,"O tribunal pode, por razões importantes, permitir o casamento de um menor com mais de 16 anos.",Demographic Yearbook 2021,https://unstats.un.org/unsd/demographic-social/products/dyb/documents/dyb2021/Notes24.pdf,2022,sex,1
Ifdb90d43,Idade mínima legal para casar por sexo,Idade mínima para casamento legal - Com consentimento dos pais,203,Tcheca,CZE,1.533.151.382,4.973.913.871,Europa e América do Norte,F,Femea,2021,2012-2021,,16.0,C,"O tribunal pode, por razões importantes, permitir o casamento de um menor com mais de 16 anos.",Demographic Yearbook 2021,https://unstats.un.org/unsd/demographic-social/products/dyb/documents/dyb2021/Notes24.pdf,2022,sex,1
Ifdb90d43,Idade mínima legal para casar por sexo,Idade mínima para casamento legal - Com consentimento dos pais,208,Dinamarca,DNK,9.326.571.283,5.603.829.721,Europa e América do Norte,M,Macho,2021,2012-2021,,15.0,C,,Demographic Yearbook 2021,https://unstats.un.org/unsd/demographic-social/products/dyb/documents/dyb2021/Notes24.pdf,2022,sex,1
Ifdb90d43,Idade mínima legal para casar por sexo,Idade mínima para casamento legal - Com consentimento dos pais,208,Dinamarca,DNK,9.326.571.283,5.603.829.721,Europa e América do Norte,F,Femea,2021,2012-2021,,15.0,C,,Demographic Yearbook 2021,https://unstats.un.org/unsd/demographic-social/products/dyb/documents/dyb2021/Notes24.pdf,2022,sex,1
Ifdb90d43,Idade mínima legal para casar por sexo,Idade mínima para casamento legal - Com consentimento dos pais,214,República Dominicana,DOM,-7.049.847.576,1.889.832.088,América Latina e Caribe,M,Macho,2021,2012-2021,,16.0,C,,Demographic Yearbook 2021,https://unstats.un.org/unsd/demographic-social/products/dyb/documents/dyb2021/Notes24.pdf,2022,sex,1
Ifdb90d43,Idade mínima legal para casar por sexo,Idade mínima para casamento legal - Com consentimento dos pais,214,República Dominicana,DOM,-7.049.847.576,1.889.832.088,América Latina e Caribe,F,Femea,2021,2012-2021,,15.0,C,,Demographic Yearbook 2021,https://unstats.un.org/unsd/demographic-social/products/dyb/documents/dyb2021/Notes24.pdf,2022,sex,1
Ifdb90d43,Idade mínima legal para casar por sexo,Idade mínima para casamento legal - Com consentimento dos pais,818,Egito,EGY,2.977.468.534,2.657.438.204,Norte da África e Ásia Ocidental,M,Macho,2021,2012-2021,,18.0,C,,Demographic Yearbook 2021,https://unstats.un.org/unsd/demographic-social/products/dyb/documents/dyb2021/Notes24.pdf,2022,sex,1
Ifdb90d43,Idade mínima legal para casar por sexo,Idade mínima para casamento legal - Com consentimento dos pais,818,Egito,EGY,2.977.468.534,2.657.438.204,Norte da África e Ásia Ocidental,F,Femea,2021,2012-2021,,18.0,C,,Demographic Yearbook 2021,https://unstats.un.org/unsd/demographic-social/products/dyb/documents/dyb2021/Notes24.pdf,2022,sex,1
Ifdb90d43,Idade mínima legal para casar por sexo,Idade mínima para casamento legal - Com consentimento dos pais,222,El Salvador,SLV,-8.886.862.995,1.373.603.564,América Latina e Caribe,M,Macho,2021,2012-2021,,15.0,C,,Demographic Yearbook 2021,https://unstats.un.org/unsd/demographic-social/products/dyb/documents/dyb2021/Notes24.pdf,2022,sex,1
Ifdb90d43,Idade mínima legal para casar por sexo,Idade mínima para casamento legal - Com consentimento dos pais,222,El Salvador,SLV,-8.886.862.995,1.373.603.564,América Latina e Caribe,F,Femea,2021,2012-2021,,14.0,C,,Demographic Yearbook 2021,https://unstats.un.org/unsd/demographic-social/products/dyb/documents/dyb2021/Notes24.pdf,2022,sex,1
Ifdb90d43,Idade mínima legal para casar por sexo,Idade mínima para casamento legal - Com consentimento dos pais,233,Estônia,EST,2.584.093.481,5.868.487.172,Europa e América do Norte,M,Macho,2021,2012-2021,,15.0,C,,Demographic Yearbook 2021,https://unstats.un.org/unsd/demographic-social/products/dyb/documents/dyb2021/Notes24.pdf,2022,sex,1
Ifdb90d43,Idade mínima legal para casar por sexo,Idade mínima para casamento legal - Com consentimento dos pais,233,Estônia,EST,2.584.093.481,5.868.487.172,Europa e América do Norte,F,Femea,2021,2012-2021,,15.0,C,,Demographic Yearbook 2021,https://unstats.un.org/unsd/demographic-social/products/dyb/documents/dyb2021/Notes24.pdf,2022,sex,1
Ifdb90d43,Idade mínima legal para casar por sexo,Idade mínima para casamento legal - Com consentimento dos pais,748,Essuatíni,SWZ,3.150.149.288,-2.656.471.011,África Subsaariana,M,Macho,2021,2012-2021,,18.0,C,,Demographic Yearbook 2021,https://unstats.un.org/unsd/demographic-social/products/dyb/documents/dyb2021/Notes24.pdf,2022,sex,1
Ifdb90d43,Idade mínima legal para casar por sexo,Idade mínima para casamento legal - Com consentimento dos pais,748,Essuatíni,SWZ,3.150.149.288,-2.656.471.011,África Subsaariana,F,Femea,2021,2012-2021,,18.0,C,,Demographic Yearbook 2021,https://unstats.un.org/unsd/demographic-social/products/dyb/documents/dyb2021/Notes24.pdf,2022,sex,1
Ifdb90d43,Idade mínima legal para casar por sexo,Idade mínima para casamento legal - Com consentimento dos pais,268,Geórgia,GEO,433.713.615,4.204.813.028,Norte da África e Ásia Ocidental,M,Macho,2021,2012-2021,,16.0,C,,Demographic Yearbook 2021,https://unstats.un.org/unsd/demographic-social/products/dyb/documents/dyb2021/Notes24.pdf,2022,sex,1
Ifdb90d43,Idade mínima legal para casar por sexo,Idade mínima para casamento legal - Com consentimento dos pais,268,Geórgia,GEO,433.713.615,4.204.813.028,Norte da África e Ásia Ocidental,F,Femea,2021,2012-2021,,16.0,C,,Demographic Yearbook 2021,https://unstats.un.org/unsd/demographic-social/products/dyb/documents/dyb2021/Notes24.pdf,2022,sex,1
Ifdb90d43,Idade mínima legal para casar por sexo,Idade mínima para casamento legal - Com consentimento dos pais,276,Alemanha,DEU,103.806.066,5.108.862.743,Europa e América do Norte,M,Macho,2021,2012-2021,,16.0,C,O casamento aos 16-17 anos de idade exige que o outro cônjuge seja adulto (18 anos ou mais) e isento da exigência de maioridade por um tribunal de família competente.,Demographic Yearbook 2021,https://unstats.un.org/unsd/demographic-social/products/dyb/documents/dyb2021/Notes24.pdf,2022,sex,1
Ifdb90d43,Idade mínima legal para casar por sexo,Idade mínima para casamento legal - Com consentimento dos pais,276,Alemanha,DEU,103.806.066,5.108.862.743,Europa e América do Norte,F,Femea,2021,2012-2021,,16.0,C,O casamento aos 16-17 anos de idade exige que o outro cônjuge seja adulto (18 anos ou mais) e isento da exigência de maioridade por um tribunal de família competente.,Demographic Yearbook 2021,https://unstats.un.org/unsd/demographic-social/products/dyb/documents/dyb2021/Notes24.pdf,2022,sex,1
Ifdb90d43,Idade mínima legal para casar por sexo,Idade mínima para casamento legal - Com consentimento dos pais,292,Gibraltar,GIB,-5.347.561.686,3.613.895.036,Europa e América do Norte,M,Macho,2021,2012-2021,,16.0,C,,Demographic Yearbook 2021,https://unstats.un.org/unsd/demographic-social/products/dyb/documents/dyb2021/Notes24.pdf,2022,sex,1
Ifdb90d43,Idade mínima legal para casar por sexo,Idade mínima para casamento legal - Com consentimento dos pais,292,Gibraltar,GIB,-5.347.561.686,3.613.895.036,Europa e América do Norte,F,Femea,2021,2012-2021,,16.0,C,,Demographic Yearbook 2021,https://unstats.un.org/unsd/demographic-social/products/dyb/documents/dyb2021/Notes24.pdf,2022,sex,1
Ifdb90d43,Idade mínima legal para casar por sexo,Idade mínima para casamento legal - Com consentimento dos pais,316,Guam,GUM,1.447.029.305,1.335.485.404,"Oceania, ex. Austrália e Nova Zelândia",M,Macho,2021,2012-2021,,17.0,C,Menores de 18 anos precisam de ordem judicial e consentimento dos pais ou responsável legal.,Demographic Yearbook 2021,https://unstats.un.org/unsd/demographic-social/products/dyb/documents/dyb2021/Notes24.pdf,2022,sex,1
Ifdb90d43,Idade mínima legal para casar por sexo,Idade mínima para casamento legal - Com consentimento dos pais,316,Guam,GUM,1.447.029.305,1.335.485.404,"Oceania, ex. Austrália e Nova Zelândia",F,Femea,2021,2012-2021,,17.0,C,Menores de 18 anos precisam de ordem judicial e consentimento dos pais ou responsável legal.,Demographic Yearbook 2021,https://unstats.un.org/unsd/demographic-social/products/dyb/documents/dyb2021/Notes24.pdf,2022,sex,1
Ifdb90d43,Idade mínima legal para casar por sexo,Idade mínima para casamento legal - Com consentimento dos pais,324,Guiné,GIN,-1.128.173.419,1.100.210.343,África Subsaariana,M,Macho,2021,2012-2021,,18.0,C,,Demographic Yearbook 2021,https://unstats.un.org/unsd/demographic-social/products/dyb/documents/dyb2021/Notes24.pdf,2022,sex,1
Ifdb90d43,Idade mínima legal para casar por sexo,Idade mínima para casamento legal - Com consentimento dos pais,324,Guiné,GIN,-1.128.173.419,1.100.210.343,África Subsaariana,F,Femea,2021,2012-2021,,18.0,C,,Demographic Yearbook 2021,https://unstats.un.org/unsd/demographic-social/products/dyb/documents/dyb2021/Notes24.pdf,2022,sex,1
Ifdb90d43,Idade mínima legal para casar por sexo,Idade mínima para casamento legal - Com consentimento dos pais,348,Hungria,HUN,1.941.221.519,471.651.448,Europa e América do Norte,M,Macho,2021,2012-2021,,16.0,C,,Demographic Yearbook 2021,https://unstats.un.org/unsd/demographic-social/products/dyb/documents/dyb2021/Notes24.pdf,2022,sex,1
Ifdb90d43,Idade mínima legal para casar por sexo,Idade mínima para casamento legal - Com consentimento dos pais,348,Hungria,HUN,1.941.221.519,471.651.448,Europa e América do Norte,F,Femea,2021,2012-2021,,16.0,C,,Demographic Yearbook 2021,https://unstats.un.org/unsd/demographic-social/products/dyb/documents/dyb2021/Notes24.pdf,2022,sex,1
Ifdb90d43,Idade mínima legal para casar por sexo,Idade mínima para casamento legal - Com consentimento dos pais,364,Irã (Republic Islâmica do Irã),IRN,5.419.766.348,3.274.370.885,Ásia Central e Meridional,M,Macho,2021,2012-2021,,15.0,C,,Demographic Yearbook 2021,https://unstats.un.org/unsd/demographic-social/products/dyb/documents/dyb2021/Notes24.pdf,2022,sex,1
Ifdb90d43,Idade mínima legal para casar por sexo,Idade mínima para casamento legal - Com consentimento dos pais,364,Irã (Republic Islâmica do Irã),IRN,5.419.766.348,3.274.370.885,Ásia Central e Meridional,F,Femea,2021,2012-2021,,13.0,C,,Demographic Yearbook 2021,https://unstats.un.org/unsd/demographic-social/products/dyb/documents/dyb2021/Notes24.pdf,2022,sex,1
Ifdb90d43,Idade mínima legal para casar por sexo,Idade mínima para casamento legal - Com consentimento dos pais,833,Ilha de Man,IMN,-4.538.190.305,5.422.880.901,Europa e América do Norte,M,Macho,2021,2012-2021,,16.0,C,,Demographic Yearbook 2021,https://unstats.un.org/unsd/demographic-social/products/dyb/documents/dyb2021/Notes24.pdf,2022,sex,1
Ifdb90d43,Idade mínima legal para casar por sexo,Idade mínima para casamento legal - Com consentimento dos pais,833,Ilha de Man,IMN,-4.538.190.305,5.422.880.901,Europa e América do Norte,F,Femea,2021,2012-2021,,16.0,C,,Demographic Yearbook 2021,https://unstats.un.org/unsd/demographic-social/products/dyb/documents/dyb2021/Notes24.pdf,2022,sex,1
Ifdb90d43,Idade mínima legal para casar por sexo,Idade mínima para casamento legal - Com consentimento dos pais,380,Itália,ITA,1.257.022.427,4.279.917.282,Europa e América do Norte,M,Macho,2021,2012-2021,,16.0,C,,Demographic Yearbook 2021,https://unstats.un.org/unsd/demographic-social/products/dyb/documents/dyb2021/Notes24.pdf,2022,sex,1
Ifdb90d43,Idade mínima legal para casar por sexo,Idade mínima para casamento legal - Com consentimento dos pais,380,Itália,ITA,1.257.022.427,4.279.917.282,Europa e América do Norte,F,Femea,2021,2012-2021,,16.0,C,,Demographic Yearbook 2021,https://unstats.un.org/unsd/demographic-social/products/dyb/documents/dyb2021/Notes24.pdf,2022,sex,1
Ifdb90d43,Idade mínima legal para casar por sexo,Idade mínima para casamento legal - Com consentimento dos pais,388,Jamaica,JAM,-7.731.068.409,1.815.616.857,América Latina e Caribe,M,Macho,2021,2012-2021,,16.0,C,,Demographic Yearbook 2021,https://unstats.un.org/unsd/demographic-social/products/dyb/documents/dyb2021/Notes24.pdf,2022,sex,1
Ifdb90d43,Idade mínima legal para casar por sexo,Idade mínima para casamento legal - Com consentimento dos pais,388,Jamaica,JAM,-7.731.068.409,1.815.616.857,América Latina e Caribe,F,Femea,2021,2012-2021,,16.0,C,,Demographic Yearbook 2021,https://unstats.un.org/unsd/demographic-social/products/dyb/documents/dyb2021/Notes24.pdf,2022,sex,1
Ifdb90d43,Idade mínima legal para casar por sexo,Idade mínima para casamento legal - Com consentimento dos pais,392,Japão,JPN,1.392.716.103,366.554.539,Leste e Sudeste Asiático,M,Macho,2021,2012-2021,,18.0,C,,Demographic Yearbook 2021,https://unstats.un.org/unsd/demographic-social/products/dyb/documents/dyb2021/Notes24.pdf,2022,sex,1
Ifdb90d43,Idade mínima legal para casar por sexo,Idade mínima para casamento legal - Com consentimento dos pais,392,Japão,JPN,1.392.716.103,366.554.539,Leste e Sudeste Asiático,F,Femea,2021,2012-2021,,16.0,C,,Demographic Yearbook 2021,https://unstats.un.org/unsd/demographic-social/products/dyb/documents/dyb2021/Notes24.pdf,2022,sex,1
Ifdb90d43,Idade mínima legal para casar por sexo,Idade mínima para casamento legal - Com consentimento dos pais,832,Jersey,JEY,-2.136.773.508,4.922.353.354,Europa e América do Norte,M,Macho,2021,2012-2021,,16.0,C,,Demographic Yearbook 2021,https://unstats.un.org/unsd/demographic-social/products/dyb/documents/dyb2021/Notes24.pdf,2022,sex,1
Ifdb90d43,Idade mínima legal para casar por sexo,Idade mínima para casamento legal - Com consentimento dos pais,832,Jersey,JEY,-2.136.773.508,4.922.353.354,Europa e América do Norte,F,Femea,2021,2012-2021,,16.0,C,,Demographic Yearbook 2021,https://unstats.un.org/unsd/demographic-social/products/dyb/documents/dyb2021/Notes24.pdf,2022,sex,1
Ifdb90d43,Idade mínima legal para casar por sexo,Idade mínima para casamento legal - Com consentimento dos pais,400,Jordânia,JOR,3.713.024.774,3.065.365.973,Norte da África e Ásia Ocidental,M,Macho,2021,2012-2021,,18.0,C,,Demographic Yearbook 2021,https://unstats.un.org/unsd/demographic-social/products/dyb/documents/dyb2021/Notes24.pdf,2022,sex,1
Ifdb90d43,Idade mínima legal para casar por sexo,Idade mínima para casamento legal - Com consentimento dos pais,400,Jordânia,JOR,3.713.024.774,3.065.365.973,Norte da África e Ásia Ocidental,F,Femea,2021,2012-2021,,18.0,C,,Demographic Yearbook 2021,https://unstats.un.org/unsd/demographic-social/products/dyb/documents/dyb2021/Notes24.pdf,2022,sex,1
Ifdb90d43,Idade mínima legal para casar por sexo,Idade mínima para casamento legal - Com consentimento dos pais,398,Cazaquistão,KAZ,6.665.359.159,4.801.963.494,Ásia Central e Meridional,M,Macho,2021,2012-2021,,16.0,C,,Demographic Yearbook 2021,https://unstats.un.org/unsd/demographic-social/products/dyb/documents/dyb2021/Notes24.pdf,2022,sex,1
Ifdb90d43,Idade mínima legal para casar por sexo,Idade mínima para casamento legal - Com consentimento dos pais,398,Cazaquistão,KAZ,6.665.359.159,4.801.963.494,Ásia Central e Meridional,F,Femea,2021,2012-2021,,16.0,C,,Demographic Yearbook 2021,https://unstats.un.org/unsd/demographic-social/products/dyb/documents/dyb2021/Notes24.pdf,2022,sex,1
Ifdb90d43,Idade mínima legal para casar por sexo,Idade mínima para casamento legal - Com consentimento dos pais,428,Letônia,LVA,2.642.461.876,5.664.196.636,Europa e América do Norte,M,Macho,2021,2012-2021,,16.0,C,,Demographic Yearbook 2021,https://unstats.un.org/unsd/demographic-social/products/dyb/documents/dyb2021/Notes24.pdf,2022,sex,1
Ifdb90d43,Idade mínima legal para casar por sexo,Idade mínima para casamento legal - Com consentimento dos pais,428,Letônia,LVA,2.642.461.876,5.664.196.636,Europa e América do Norte,F,Femea,2021,2012-2021,,16.0,C,,Demographic Yearbook 2021,https://unstats.un.org/unsd/demographic-social/products/dyb/documents/dyb2021/Notes24.pdf,2022,sex,1
Ifdb90d43,Idade mínima legal para casar por sexo,Idade mínima para casamento legal - Com consentimento dos pais,430,Libéria,LBR,-9.311.879.038,6.448.381.009,África Subsaariana,M,Macho,2021,2012-2021,,16.0,C,,Demographic Yearbook 2021,https://unstats.un.org/unsd/demographic-social/products/dyb/documents/dyb2021/Notes24.pdf,2022,sex,1
Ifdb90d43,Idade mínima legal para casar por sexo,Idade mínima para casamento legal - Com consentimento dos pais,430,Libéria,LBR,-9.311.879.038,6.448.381.009,África Subsaariana,F,Femea,2021,2012-2021,,16.0,C,,Demographic Yearbook 2021,https://unstats.un.org/unsd/demographic-social/products/dyb/documents/dyb2021/Notes24.pdf,2022,sex,1
Ifdb90d43,Idade mínima legal para casar por sexo,Idade mínima para casamento legal - Com consentimento dos pais,434,Líbia,LBY,180.295.985,2.704.042.819,Norte da África e Ásia Ocidental,M,Macho,2021,2012-2021,,18.0,C,"De acordo com a lei islâmica, o casamento requer o consentimento dos pais. O consentimento da própria noiva, bem como o consentimento do tutor são fundamentais no contrato de casamento. Os rapazes geralmente escolhem o consentimento dos pais. A idade mínima para casar é geralmente 18 anos. De acordo com a lei, o casamento não se restringe a maiores de 18 anos.",Demographic Yearbook 2021,https://unstats.un.org/unsd/demographic-social/products/dyb/documents/dyb2021/Notes24.pdf,2022,sex,1
Ifdb90d43,Idade mínima legal para casar por sexo,Idade mínima para casamento legal - Com consentimento dos pais,434,Líbia,LBY,180.295.985,2.704.042.819,Norte da África e Ásia Ocidental,F,Femea,2021,2012-2021,,18.0,C,"De acordo com a lei islâmica, o casamento requer o consentimento dos pais. O consentimento da própria noiva, bem como o consentimento do tutor são fundamentais no contrato de casamento. Os rapazes geralmente escolhem o consentimento dos pais. A idade mínima para casar é geralmente 18 anos. De acordo com a lei, o casamento não se restringe a maiores de 18 anos.",Demographic Yearbook 2021,https://unstats.un.org/unsd/demographic-social/products/dyb/documents/dyb2021/Notes24.pdf,2022,sex,1
Ifdb90d43,Idade mínima legal para casar por sexo,Idade mínima para casamento legal - Com consentimento dos pais,440,Lituânia,LTU,2.390.517.807,5.533.680.309,Europa e América do Norte,M,Macho,2021,2012-2021,,15.0,C,"Além do consentimento dos pais, menores de 18 anos precisam de autorização judicial. Em caso de gravidez, o casamento pode ser permitido com menos de 15 anos.",Demographic Yearbook 2021,https://unstats.un.org/unsd/demographic-social/products/dyb/documents/dyb2021/Notes24.pdf,2022,sex,1
Ifdb90d43,Idade mínima legal para casar por sexo,Idade mínima para casamento legal - Com consentimento dos pais,440,Lituânia,LTU,2.390.517.807,5.533.680.309,Europa e América do Norte,F,Femea,2021,2012-2021,,15.0,C,"Além do consentimento dos pais, menores de 18 anos precisam de autorização judicial. Em caso de gravidez, o casamento pode ser permitido com menos de 15 anos.",Demographic Yearbook 2021,https://unstats.un.org/unsd/demographic-social/products/dyb/documents/dyb2021/Notes24.pdf,2022,sex,1
Ifdb90d43,Idade mínima legal para casar por sexo,Idade mínima para casamento legal - Com consentimento dos pais,458,Malásia,MYS,1.168.346.314,5.452.415.309,Norte da África e Ásia Ocidental,M,Macho,2021,2012-2021,,18.0,C,"Para casamento com consentimento dos pais, a idade é de 18 anos para homens, enquanto é de 18 anos para mulheres não muçulmanas e de 16 anos para mulheres muçulmanas. Sem o consentimento dos pais, a idade é de 21 anos para não-muçulmanos e de 18 anos para muçulmanos.",Demographic Yearbook 2021,https://unstats.un.org/unsd/demographic-social/products/dyb/documents/dyb2021/Notes24.pdf,2022,sex,1
Ifdb90d43,Idade mínima legal para casar por sexo,Idade mínima para casamento legal - Com consentimento dos pais,458,Malásia,MYS,1.168.346.314,5.452.415.309,Norte da África e Ásia Ocidental,F,Femea,2021,2012-2021,,16.0,C,"Para casamento com consentimento dos pais, a idade é de 18 anos para homens, enquanto é de 18 anos para mulheres não muçulmanas e de 16 anos para mulheres muçulmanas. Sem o consentimento dos pais, a idade é de 21 anos para não-muçulmanos e de 18 anos para muçulmanos.",Demographic Yearbook 2021,https://unstats.un.org/unsd/demographic-social/products/dyb/documents/dyb2021/Notes24.pdf,2022,sex,1
Ifdb90d43,Idade mínima legal para casar por sexo,Idade mínima para casamento legal - Com consentimento dos pais,480,Maurício,MUS,57.568.022,-2.028.581.998,África Subsaariana,M,Macho,2021,2012-2021,,16.0,C,,Demographic Yearbook 2021,https://unstats.un.org/unsd/demographic-social/products/dyb/documents/dyb2021/Notes24.pdf,2022,sex,1
Ifdb90d43,Idade mínima legal para casar por sexo,Idade mínima para casamento legal - Com consentimento dos pais,480,Maurício,MUS,57.568.022,-2.028.581.998,África Subsaariana,F,Femea,2021,2012-2021,,16.0,C,,Demographic Yearbook 2021,https://unstats.un.org/unsd/demographic-social/products/dyb/documents/dyb2021/Notes24.pdf,2022,sex,1
Ifdb90d43,Idade mínima legal para casar por sexo,Idade mínima para casamento legal - Com consentimento dos pais,484,México,MEX,-1.025.148.166,2.393.378.032,América Latina e Caribe,M,Macho,2021,2012-2021,,16.0,C,"Cada um dos 31 Estados Federais e o Distrito Federal possuem seu próprio código civil para o casamento. Casamentos menores de 18 anos exigem consentimento dos pais. Além disso, no Distrito Federal e nos estados de Guanajuato, Morelos, Puebla e San Luis Potosí a idade mínima com consentimento dos pais é 16 anos para os noivos e nos estados de Michoacán, Nayarit, Sinaloa e Sonora a idade mínima com os pais o consentimento é 14 para a noiva e 16 para o noivo.",Demographic Yearbook 2021,https://unstats.un.org/unsd/demographic-social/products/dyb/documents/dyb2021/Notes24.pdf,2022,sex,1
Ifdb90d43,Idade mínima legal para casar por sexo,Idade mínima para casamento legal - Com consentimento dos pais,484,México,MEX,-1.025.148.166,2.393.378.032,América Latina e Caribe,F,Femea,2021,2012-2021,,14.0,C,"Cada um dos 31 Estados Federais e o Distrito Federal possuem seu próprio código civil para o casamento. Casamentos menores de 18 anos exigem consentimento dos pais. Além disso, no Distrito Federal e nos estados de Guanajuato, Morelos, Puebla e San Luis Potosí a idade mínima com consentimento dos pais é 16 anos para os noivos e nos estados de Michoacán, Nayarit, Sinaloa e Sonora a idade mínima com os pais o consentimento é 14 para a noiva e 16 para o noivo.",Demographic Yearbook 2021,https://unstats.un.org/unsd/demographic-social/products/dyb/documents/dyb2021/Notes24.pdf,2022,sex,1
Ifdb90d43,Idade mínima legal para casar por sexo,Idade mínima para casamento legal - Com consentimento dos pais,499,Montenegro,MNE,1.925.214.024,4.278.717.043,Europa e América do Norte,M,Macho,2021,2012-2021,,16.0,C,,Demographic Yearbook 2021,https://unstats.un.org/unsd/demographic-social/products/dyb/documents/dyb2021/Notes24.pdf,2022,sex,1
Ifdb90d43,Idade mínima legal para casar por sexo,Idade mínima para casamento legal - Com consentimento dos pais,499,Montenegro,MNE,1.925.214.024,4.278.717.043,Europa e América do Norte,F,Femea,2021,2012-2021,,16.0,C,,Demographic Yearbook 2021,https://unstats.un.org/unsd/demographic-social/products/dyb/documents/dyb2021/Notes24.pdf,2022,sex,1
Ifdb90d43,Idade mínima legal para casar por sexo,Idade mínima para casamento legal - Com consentimento dos pais,500,Montserrate,MSR,-6.219.261.223,1.673.558.313,América Latina e Caribe,M,Macho,2021,2012-2021,,16.0,C,"O consentimento pode ser dado por um tutor ou por uma pessoa que tenha a guarda da criança que deseja casar. Além disso, o Governador tem poder discricionário para permitir que pessoas com 15 anos e 1 dia de idade se casem, se considerar que o casamento é do melhor interesse das pessoas que pretendem casar e as pessoas neste caso também devem ter recebido o consentimento necessário.",Demographic Yearbook 2021,https://unstats.un.org/unsd/demographic-social/products/dyb/documents/dyb2021/Notes24.pdf,2022,sex,1
Ifdb90d43,Idade mínima legal para casar por sexo,Idade mínima para casamento legal - Com consentimento dos pais,500,Montserrate,MSR,-6.219.261.223,1.673.558.313,América Latina e Caribe,F,Femea,2021,2012-2021,,16.0,C,"O consentimento pode ser dado por um tutor ou por uma pessoa que tenha a guarda da criança que deseja casar. Além disso, o Governador tem poder discricionário para permitir que pessoas com 15 anos e 1 dia de idade se casem, se considerar que o casamento é do melhor interesse das pessoas que pretendem casar e as pessoas neste caso também devem ter recebido o consentimento necessário.",Demographic Yearbook 2021,https://unstats.un.org/unsd/demographic-social/products/dyb/documents/dyb2021/Notes24.pdf,2022,sex,1
Ifdb90d43,Idade mínima legal para casar por sexo,Idade mínima para casamento legal - Com consentimento dos pais,504,Marrocos,MAR,-6.281.942.841,318.440.131,Norte da África e Ásia Ocidental,F,Femea,2021,2012-2021,,18.0,C,"A idade mínima legal em que o casamento pode ocorrer é a mesma, com ou sem consentimento dos pais",Demographic Yearbook 2021,https://unstats.un.org/unsd/demographic-social/products/dyb/documents/dyb2021/Notes24.pdf,2022,sex,1
Ifdb90d43,Idade mínima legal para casar por sexo,Idade mínima para casamento legal - Com consentimento dos pais,516,Namíbia,NAM,1.721.907.885,-2.213.817.068,África Subsaariana,M,Macho,2021,2012-2021,,18.0,C,,Demographic Yearbook 2021,https://unstats.un.org/unsd/demographic-social/products/dyb/documents/dyb2021/Notes24.pdf,2022,sex,1
Ifdb90d43,Idade mínima legal para casar por sexo,Idade mínima para casamento legal - Com consentimento dos pais,516,Namíbia,NAM,1.721.907.885,-2.213.817.068,África Subsaariana,F,Femea,2021,2012-2021,,18.0,C,,Demographic Yearbook 2021,https://unstats.un.org/unsd/demographic-social/products/dyb/documents/dyb2021/Notes24.pdf,2022,sex,1
Ifdb90d43,Idade mínima legal para casar por sexo,Idade mínima para casamento legal - Com consentimento dos pais,524,Nepal,NPL,8.394.678.863,2.825.866.332,Ásia Central e Meridional,M,Macho,2021,2012-2021,,18.0,C,,Demographic Yearbook 2021,https://unstats.un.org/unsd/demographic-social/products/dyb/documents/dyb2021/Notes24.pdf,2022,sex,1
Ifdb90d43,Idade mínima legal para casar por sexo,Idade mínima para casamento legal - Com consentimento dos pais,524,Nepal,NPL,8.394.678.863,2.825.866.332,Ásia Central e Meridional,F,Femea,2021,2012-2021,,18.0,C,,Demographic Yearbook 2021,https://unstats.un.org/unsd/demographic-social/products/dyb/documents/dyb2021/Notes24.pdf,2022,sex,1
Ifdb90d43,Idade mínima legal para casar por sexo,Idade mínima para casamento legal - Com consentimento dos pais,528,Holanda,NLD,5.331.480.568,5.186.728.884,Europa e América do Norte,M,Macho,2021,2012-2021,,16.0,C,,Demographic Yearbook 2021,https://unstats.un.org/unsd/demographic-social/products/dyb/documents/dyb2021/Notes24.pdf,2022,sex,1
Ifdb90d43,Idade mínima legal para casar por sexo,Idade mínima para casamento legal - Com consentimento dos pais,528,Holanda,NLD,5.331.480.568,5.186.728.884,Europa e América do Norte,F,Femea,2021,2012-2021,,16.0,C,,Demographic Yearbook 2021,https://unstats.un.org/unsd/demographic-social/products/dyb/documents/dyb2021/Notes24.pdf,2022,sex,1
Ifdb90d43,Idade mínima legal para casar por sexo,Idade mínima para casamento legal - Com consentimento dos pais,554,Nova Zelândia,NZL,1.704.755.673,-4.398.721.568,Austrália e Nova Zelândia,M,Macho,2021,2012-2021,,16.0,C,,Demographic Yearbook 2021,https://unstats.un.org/unsd/demographic-social/products/dyb/documents/dyb2021/Notes24.pdf,2022,sex,1
Ifdb90d43,Idade mínima legal para casar por sexo,Idade mínima para casamento legal - Com consentimento dos pais,554,Nova Zelândia,NZL,1.704.755.673,-4.398.721.568,Austrália e Nova Zelândia,F,Femea,2021,2012-2021,,16.0,C,,Demographic Yearbook 2021,https://unstats.un.org/unsd/demographic-social/products/dyb/documents/dyb2021/Notes24.pdf,2022,sex,1
Ifdb90d43,Idade mínima legal para casar por sexo,Idade mínima para casamento legal - Com consentimento dos pais,558,Nicarágua,NIC,-8.503.060.315,1.284.210.839,América Latina e Caribe,M,Macho,2021,2012-2021,,16.0,C,,Demographic Yearbook 2021,https://unstats.un.org/unsd/demographic-social/products/dyb/documents/dyb2021/Notes24.pdf,2022,sex,1
Ifdb90d43,Idade mínima legal para casar por sexo,Idade mínima para casamento legal - Com consentimento dos pais,558,Nicarágua,NIC,-8.503.060.315,1.284.210.839,América Latina e Caribe,F,Femea,2021,2012-2021,,16.0,C,,Demographic Yearbook 2021,https://unstats.un.org/unsd/demographic-social/products/dyb/documents/dyb2021/Notes24.pdf,2022,sex,1
Ifdb90d43,Idade mínima legal para casar por sexo,Idade mínima para casamento legal - Com consentimento dos pais,807,Macedônia do Norte,MKD,217.007.909,4.160.048.068,Europa e América do Norte,M,Macho,2021,2012-2021,,16.0,C,,Demographic Yearbook 2021,https://unstats.un.org/unsd/demographic-social/products/dyb/documents/dyb2021/Notes24.pdf,2022,sex,1
Ifdb90d43,Idade mínima legal para casar por sexo,Idade mínima para casamento legal - Com consentimento dos pais,807,Macedônia do Norte,MKD,217.007.909,4.160.048.068,Europa e América do Norte,F,Femea,2021,2012-2021,,16.0,C,,Demographic Yearbook 2021,https://unstats.un.org/unsd/demographic-social/products/dyb/documents/dyb2021/Notes24.pdf,2022,sex,1
Ifdb90d43,Idade mínima legal para casar por sexo,Idade mínima para casamento legal - Com consentimento dos pais,578,Noruega,NOR,1.147.846.389,6.134.311.134,Europa e América do Norte,M,Macho,2021,2012-2021,,16.0,C,,Demographic Yearbook 2021,https://unstats.un.org/unsd/demographic-social/products/dyb/documents/dyb2021/Notes24.pdf,2022,sex,1
Ifdb90d43,Idade mínima legal para casar por sexo,Idade mínima para casamento legal - Com consentimento dos pais,578,Noruega,NOR,1.147.846.389,6.134.311.134,Europa e América do Norte,F,Femea,2021,2012-2021,,16.0,C,,Demographic Yearbook 2021,https://unstats.un.org/unsd/demographic-social/products/dyb/documents/dyb2021/Notes24.pdf,2022,sex,1
Ifdb90d43,Idade mínima legal para casar por sexo,Idade mínima para casamento legal - Com consentimento dos pais,586,Paquistão,PAK,6.880.479.684,2.936.491.634,Ásia Central e Meridional,M,Macho,2021,2012-2021,,18.0,C,,Demographic Yearbook 2021,https://unstats.un.org/unsd/demographic-social/products/dyb/documents/dyb2021/Notes24.pdf,2022,sex,1
Ifdb90d43,Idade mínima legal para casar por sexo,Idade mínima para casamento legal - Com consentimento dos pais,586,Paquistão,PAK,6.880.479.684,2.936.491.634,Ásia Central e Meridional,F,Femea,2021,2012-2021,,14.0,C,,Demographic Yearbook 2021,https://unstats.un.org/unsd/demographic-social/products/dyb/documents/dyb2021/Notes24.pdf,2022,sex,1
Ifdb90d43,Idade mínima legal para casar por sexo,Idade mínima para casamento legal - Com consentimento dos pais,604,Peru,PER,-7.182.093.277,-1.358.939.705,América Latina e Caribe,M,Macho,2021,2012-2021,,16.0,C,,Demographic Yearbook 2021,https://unstats.un.org/unsd/demographic-social/products/dyb/documents/dyb2021/Notes24.pdf,2022,sex,1
Ifdb90d43,Idade mínima legal para casar por sexo,Idade mínima para casamento legal - Com consentimento dos pais,604,Peru,PER,-7.182.093.277,-1.358.939.705,América Latina e Caribe,F,Femea,2021,2012-2021,,16.0,C,,Demographic Yearbook 2021,https://unstats.un.org/unsd/demographic-social/products/dyb/documents/dyb2021/Notes24.pdf,2022,sex,1
Ifdb90d43,Idade mínima legal para casar por sexo,Idade mínima para casamento legal - Com consentimento dos pais,608,Filipinas,PHL,1.208.601.418,1.416.591.706,Leste e Sudeste Asiático,M,Macho,2021,2012-2021,,18.0,C,,Demographic Yearbook 2021,https://unstats.un.org/unsd/demographic-social/products/dyb/documents/dyb2021/Notes24.pdf,2022,sex,1
Ifdb90d43,Idade mínima legal para casar por sexo,Idade mínima para casamento legal - Com consentimento dos pais,608,Filipinas,PHL,1.208.601.418,1.416.591.706,Leste e Sudeste Asiático,F,Femea,2021,2012-2021,,18.0,C,,Demographic Yearbook 2021,https://unstats.un.org/unsd/demographic-social/products/dyb/documents/dyb2021/Notes24.pdf,2022,sex,1
Ifdb90d43,Idade mínima legal para casar por sexo,Idade mínima para casamento legal - Com consentimento dos pais,620,Portugal,PRT,-7.961.599.811,3.968.509.315,Europa e América do Norte,M,Macho,2021,2012-2021,,16.0,C,,Demographic Yearbook 2021,https://unstats.un.org/unsd/demographic-social/products/dyb/documents/dyb2021/Notes24.pdf,2022,sex,1
Ifdb90d43,Idade mínima legal para casar por sexo,Idade mínima para casamento legal - Com consentimento dos pais,620,Portugal,PRT,-7.961.599.811,3.968.509.315,Europa e América do Norte,F,Femea,2021,2012-2021,,16.0,C,,Demographic Yearbook 2021,https://unstats.un.org/unsd/demographic-social/products/dyb/documents/dyb2021/Notes24.pdf,2022,sex,1
Ifdb90d43,Idade mínima legal para casar por sexo,Idade mínima para casamento legal - Com consentimento dos pais,630,Porto Rico,PRI,-6.647.591.017,1.822.753.799,América Latina e Caribe,M,Macho,2021,2012-2021,,18.0,C,,Demographic Yearbook 2021,https://unstats.un.org/unsd/demographic-social/products/dyb/documents/dyb2021/Notes24.pdf,2022,sex,1
Ifdb90d43,Idade mínima legal para casar por sexo,Idade mínima para casamento legal - Com consentimento dos pais,630,Porto Rico,PRI,-6.647.591.017,1.822.753.799,América Latina e Caribe,F,Femea,2021,2012-2021,,16.0,C,,Demographic Yearbook 2021,https://unstats.un.org/unsd/demographic-social/products/dyb/documents/dyb2021/Notes24.pdf,2022,sex,1
Ifdb90d43,Idade mínima legal para casar por sexo,Idade mínima para casamento legal - Com consentimento dos pais,410,República da Coreia,KOR,1.278.610.254,3.645.201.023,Leste e Sudeste Asiático,M,Macho,2021,2012-2021,,18.0,C,,Demographic Yearbook 2021,https://unstats.un.org/unsd/demographic-social/products/dyb/documents/dyb2021/Notes24.pdf,2022,sex,1
Ifdb90d43,Idade mínima legal para casar por sexo,Idade mínima para casamento legal - Com consentimento dos pais,410,República da Coreia,KOR,1.278.610.254,3.645.201.023,Leste e Sudeste Asiático,F,Femea,2021,2012-2021,,18.0,C,,Demographic Yearbook 2021,https://unstats.un.org/unsd/demographic-social/products/dyb/documents/dyb2021/Notes24.pdf,2022,sex,1
Ifdb90d43,Idade mínima legal para casar por sexo,Idade mínima para casamento legal - Com consentimento dos pais,498,República da Moldávia,MDA,284.650.624,4.720.236.795,Europa e América do Norte,M,Macho,2021,2012-2021,,16.0,C,,Demographic Yearbook 2021,https://unstats.un.org/unsd/demographic-social/products/dyb/documents/dyb2021/Notes24.pdf,2022,sex,1
Ifdb90d43,Idade mínima legal para casar por sexo,Idade mínima para casamento legal - Com consentimento dos pais,642,Romênia,ROU,2.498.481.009,4.583.893.563,Europa e América do Norte,M,Macho,2021,2012-2021,,16.0,C,"O casamento de menores de 18 anos requer o consentimento dos pais, um atestado médico e o acordo do tribunal de família local.",Demographic Yearbook 2021,https://unstats.un.org/unsd/demographic-social/products/dyb/documents/dyb2021/Notes24.pdf,2022,sex,1
Ifdb90d43,Idade mínima legal para casar por sexo,Idade mínima para casamento legal - Com consentimento dos pais,642,Romênia,ROU,2.498.481.009,4.583.893.563,Europa e América do Norte,F,Femea,2021,2012-2021,,16.0,C,"O casamento de menores de 18 anos requer o consentimento dos pais, um atestado médico e o acordo do tribunal de família local.",Demographic Yearbook 2021,https://unstats.un.org/unsd/demographic-social/products/dyb/documents/dyb2021/Notes24.pdf,2022,sex,1
Ifdb90d43,Idade mínima legal para casar por sexo,Idade mínima para casamento legal - Com consentimento dos pais,643,Federação Russa,RUS,9.901.404.926,6.161.899.849,Europa e América do Norte,M,Macho,2021,2012-2021,,16.0,C,,Demographic Yearbook 2021,https://unstats.un.org/unsd/demographic-social/products/dyb/documents/dyb2021/Notes24.pdf,2022,sex,1
Ifdb90d43,Idade mínima legal para casar por sexo,Idade mínima para casamento legal - Com consentimento dos pais,643,Federação Russa,RUS,9.901.404.926,6.161.899.849,Europa e América do Norte,F,Femea,2021,2012-2021,,16.0,C,,Demographic Yearbook 2021,https://unstats.un.org/unsd/demographic-social/products/dyb/documents/dyb2021/Notes24.pdf,2022,sex,1
Ifdb90d43,Idade mínima legal para casar por sexo,Idade mínima para casamento legal - Com consentimento dos pais,654,Santa Helena,SHN,-5.705.752.501,-1.596.503.946,África Subsaariana,M,Macho,2021,2012-2021,,16.0,C,,Demographic Yearbook 2021,https://unstats.un.org/unsd/demographic-social/products/dyb/documents/dyb2021/Notes24.pdf,2022,sex,1
Ifdb90d43,Idade mínima legal para casar por sexo,Idade mínima para casamento legal - Com consentimento dos pais,654,Santa Helena,SHN,-5.705.752.501,-1.596.503.946,África Subsaariana,F,Femea,2021,2012-2021,,16.0,C,,Demographic Yearbook 2021,https://unstats.un.org/unsd/demographic-social/products/dyb/documents/dyb2021/Notes24.pdf,2022,sex,1
Ifdb90d43,Idade mínima legal para casar por sexo,Idade mínima para casamento legal - Com consentimento dos pais,674,São Marino,SMR,1.246.329.038,4.393.841.766,Europa e América do Norte,M,Macho,2021,2012-2021,,16.0,C,Os chefes do Estado de São Marino podem permitir o casamento de homens com 14 anos ou mais e de mulheres com 12 anos ou mais.,Demographic Yearbook 2021,https://unstats.un.org/unsd/demographic-social/products/dyb/documents/dyb2021/Notes24.pdf,2022,sex,1
Ifdb90d43,Idade mínima legal para casar por sexo,Idade mínima para casamento legal - Com consentimento dos pais,674,São Marino,SMR,1.246.329.038,4.393.841.766,Europa e América do Norte,F,Femea,2021,2012-2021,,14.0,C,Os chefes do Estado de São Marino podem permitir o casamento de homens com 14 anos ou mais e de mulheres com 12 anos ou mais.,Demographic Yearbook 2021,https://unstats.un.org/unsd/demographic-social/products/dyb/documents/dyb2021/Notes24.pdf,2022,sex,1
Ifdb90d43,Idade mínima legal para casar por sexo,Idade mínima para casamento legal - Com consentimento dos pais,686,Senegal,SEN,-1.446.636.926,1.435.920.905,África Subsaariana,M,Macho,2021,2012-2021,<,18.0,C,,Demographic Yearbook 2021,https://unstats.un.org/unsd/demographic-social/products/dyb/documents/dyb2021/Notes24.pdf,2022,sex,1
Ifdb90d43,Idade mínima legal para casar por sexo,Idade mínima para casamento legal - Com consentimento dos pais,686,Senegal,SEN,-1.446.636.926,1.435.920.905,África Subsaariana,F,Femea,2021,2012-2021,<,18.0,C,,Demographic Yearbook 2021,https://unstats.un.org/unsd/demographic-social/products/dyb/documents/dyb2021/Notes24.pdf,2022,sex,1
Ifdb90d43,Idade mínima legal para casar por sexo,Idade mínima para casamento legal - Com consentimento dos pais,688,Sérvia,SRB,20.805.876,4.403.145.697,Europa e América do Norte,M,Macho,2021,2012-2021,,16.0,C,"O casamento não é permitido para menores de 18 anos; só o tribunal pode, por justa causa, permitir o casamento com um menor que tenha atingido a idade de 16 anos e atingido a maturidade física e mental para exercer os direitos e responsabilidades do casamento. O consentimento dos pais não é necessário.",Demographic Yearbook 2021,https://unstats.un.org/unsd/demographic-social/products/dyb/documents/dyb2021/Notes24.pdf,2022,sex,1
Ifdb90d43,Idade mínima legal para casar por sexo,Idade mínima para casamento legal - Com consentimento dos pais,688,Sérvia,SRB,20.805.876,4.403.145.697,Europa e América do Norte,F,Femea,2021,2012-2021,,16.0,C,"O casamento não é permitido para menores de 18 anos; só o tribunal pode, por justa causa, permitir o casamento com um menor que tenha atingido a idade de 16 anos e atingido a maturidade física e mental para exercer os direitos e responsabilidades do casamento. O consentimento dos pais não é necessário.",Demographic Yearbook 2021,https://unstats.un.org/unsd/demographic-social/products/dyb/documents/dyb2021/Notes24.pdf,2022,sex,1
Ifdb90d43,Idade mínima legal para casar por sexo,Idade mínima para casamento legal - Com consentimento dos pais,690,Seicheles,SYC,5.546.561.591,-4.678.053.059,África Subsaariana,M,Macho,2021,2012-2021,,16.0,C,,Demographic Yearbook 2021,https://unstats.un.org/unsd/demographic-social/products/dyb/documents/dyb2021/Notes24.pdf,2022,sex,1
Ifdb90d43,Idade mínima legal para casar por sexo,Idade mínima para casamento legal - Com consentimento dos pais,690,Seicheles,SYC,5.546.561.591,-4.678.053.059,África Subsaariana,F,Femea,2021,2012-2021,,16.0,C,,Demographic Yearbook 2021,https://unstats.un.org/unsd/demographic-social/products/dyb/documents/dyb2021/Notes24.pdf,2022,sex,1
Ifdb90d43,Idade mínima legal para casar por sexo,Idade mínima para casamento legal - Com consentimento dos pais,702,Cingapura,SGP,1.038.107.883,1.361.009.155,Leste e Sudeste Asiático,M,Macho,2021,2012-2021,<,21.0,C,"A idade mínima legal para casar refere-se aos casamentos contraídos ao abrigo da Carta da Mulher. Para os casamentos muçulmanos ao abrigo da Lei de Administração da Lei Muçulmana, nenhum casamento será solenizado quando uma das partes tiver menos de 18 anos de idade. Não obstante, as mulheres muçulmanas com menos de 18 anos que tenham atingido a idade da puberdade podem casar-se ao abrigo da Lei de Administração da Lei Muçulmana.",Demographic Yearbook 2021,https://unstats.un.org/unsd/demographic-social/products/dyb/documents/dyb2021/Notes24.pdf,2022,sex,1
Ifdb90d43,Idade mínima legal para casar por sexo,Idade mínima para casamento legal - Com consentimento dos pais,702,Cingapura,SGP,1.038.107.883,1.361.009.155,Leste e Sudeste Asiático,F,Femea,2021,2012-2021,<,21.0,C,"A idade mínima legal para casar refere-se aos casamentos contraídos ao abrigo da Carta da Mulher. Para os casamentos muçulmanos ao abrigo da Lei de Administração da Lei Muçulmana, nenhum casamento será solenizado quando uma das partes tiver menos de 18 anos de idade. Não obstante, as mulheres muçulmanas com menos de 18 anos que tenham atingido a idade da puberdade podem casar-se ao abrigo da Lei de Administração da Lei Muçulmana.",Demographic Yearbook 2021,https://unstats.un.org/unsd/demographic-social/products/dyb/documents/dyb2021/Notes24.pdf,2022,sex,1
Ifdb90d43,Idade mínima legal para casar por sexo,Idade mínima para casamento legal - Com consentimento dos pais,705,Eslovênia,SVN,1.482.209.486,4.611.958.061,Europa e América do Norte,M,Macho,2021,2012-2021,,15.0,C,,Demographic Yearbook 2021,https://unstats.un.org/unsd/demographic-social/products/dyb/documents/dyb2021/Notes24.pdf,2022,sex,1
Ifdb90d43,Idade mínima legal para casar por sexo,Idade mínima para casamento legal - Com consentimento dos pais,705,Eslovênia,SVN,1.482.209.486,4.611.958.061,Europa e América do Norte,F,Femea,2021,2012-2021,,15.0,C,,Demographic Yearbook 2021,https://unstats.un.org/unsd/demographic-social/products/dyb/documents/dyb2021/Notes24.pdf,2022,sex,1
Ifdb90d43,Idade mínima legal para casar por sexo,Idade mínima para casamento legal - Com consentimento dos pais,710,África do Sul,ZAF,2.467.184.355,-2.999.957.544,África Subsaariana,M,Macho,2021,2012-2021,<,21.0,C,"Os casamentos com menos de 18 anos podem ser realizados com consentimento dos pais ou com permissão judicial se o consentimento dos pais tiver sido recusado injustificadamente. Além disso, os rapazes com menos de 18 anos e as raparigas com menos de 16 anos também podem ser obrigados a obter o consentimento do Ministro da Administração Interna.",Demographic Yearbook 2021,https://unstats.un.org/unsd/demographic-social/products/dyb/documents/dyb2021/Notes24.pdf,2022,sex,1
Ifdb90d43,Idade mínima legal para casar por sexo,Idade mínima para casamento legal - Com consentimento dos pais,710,África do Sul,ZAF,2.467.184.355,-2.999.957.544,África Subsaariana,F,Femea,2021,2012-2021,<,21.0,C,"Os casamentos com menos de 18 anos podem ser realizados com consentimento dos pais ou com permissão judicial se o consentimento dos pais tiver sido recusado injustificadamente. Além disso, os rapazes com menos de 18 anos e as raparigas com menos de 16 anos também podem ser obrigados a obter o consentimento do Ministro da Administração Interna.",Demographic Yearbook 2021,https://unstats.un.org/unsd/demographic-social/products/dyb/documents/dyb2021/Notes24.pdf,2022,sex,1
Ifdb90d43,Idade mínima legal para casar por sexo,Idade mínima para casamento legal - Com consentimento dos pais,724,Espanha,ESP,-3.554.078.296,4.039.211.472,Europa e América do Norte,M,Macho,2021,2012-2021,,16.0,C,,Demographic Yearbook 2021,https://unstats.un.org/unsd/demographic-social/products/dyb/documents/dyb2021/Notes24.pdf,2022,sex,1
Ifdb90d43,Idade mínima legal para casar por sexo,Idade mínima para casamento legal - Com consentimento dos pais,724,Espanha,ESP,-3.554.078.296,4.039.211.472,Europa e América do Norte,F,Femea,2021,2012-2021,,16.0,C,,Demographic Yearbook 2021,https://unstats.un.org/unsd/demographic-social/products/dyb/documents/dyb2021/Notes24.pdf,2022,sex,1
Ifdb90d43,Idade mínima legal para casar por sexo,Idade mínima para casamento legal - Com consentimento dos pais,275,Estado da Palestina,PSE,3.525.694.122,3.194.347.933,Norte da África e Ásia Ocidental,F,Femea,2021,2012-2021,,14.5,C,"A idade legal de casamento para mulheres é 14 anos, 6 meses e 22 dias. Deve haver consentimento dos pais (pai ou irmão se o pai for falecido). A idade legal para casar para homens é 15 anos, 6 meses e 21 dias. O consentimento dos pais não é necessário.",Demographic Yearbook 2021,https://unstats.un.org/unsd/demographic-social/products/dyb/documents/dyb2021/Notes24.pdf,2022,sex,1
Ifdb90d43,Idade mínima legal para casar por sexo,Idade mínima para casamento legal - Com consentimento dos pais,740,Suriname,SUR,-5.590.626.394,4.132.603.197,América Latina e Caribe,M,Macho,2021,2012-2021,,17.0,C,,Demographic Yearbook 2021,https://unstats.un.org/unsd/demographic-social/products/dyb/documents/dyb2021/Notes24.pdf,2022,sex,1
Ifdb90d43,Idade mínima legal para casar por sexo,Idade mínima para casamento legal - Com consentimento dos pais,740,Suriname,SUR,-5.590.626.394,4.132.603.197,América Latina e Caribe,F,Femea,2021,2012-2021,,15.0,C,,Demographic Yearbook 2021,https://unstats.un.org/unsd/demographic-social/products/dyb/documents/dyb2021/Notes24.pdf,2022,sex,1
Ifdb90d43,Idade mínima legal para casar por sexo,Idade mínima para casamento legal - Com consentimento dos pais,762,Tadjiquistão,TJK,69.294.998,3.843.069.666,Central and Southern Asia,M,Macho,2021,2012-2021,,17.0,C,,Demographic Yearbook 2021,https://unstats.un.org/unsd/demographic-social/products/dyb/documents/dyb2021/Notes24.pdf,2022,sex,1
Ifdb90d43,Idade mínima legal para casar por sexo,Idade mínima para casamento legal - Com consentimento dos pais,762,Tadjiquistão,TJK,69.294.998,3.843.069.666,Ásia Central e Meridional,F,Femea,2021,2012-2021,,17.0,C,,Demographic Yearbook 2021,https://unstats.un.org/unsd/demographic-social/products/dyb/documents/dyb2021/Notes24.pdf,2022,sex,1
Ifdb90d43,Idade mínima legal para casar por sexo,Idade mínima para casamento legal - Com consentimento dos pais,780,Trinidad e Tobago,TTO,-6.129.389.504,1.041.877.263,Ásia Central e Meridional,M,Macho,2021,2012-2021,<,18.0,C,"Com consentimento dos pais, a idade para casar é de 14 anos para homens e 12 anos para mulheres em casamento civil; 16 anos para homens e 12 anos para mulheres em casamento muçulmano; 18 anos para homens e 14 anos para mulheres em casamento hindu; e 18 anos para homens e 16 para mulheres no casamento Orisa.",Demographic Yearbook 2021,https://unstats.un.org/unsd/demographic-social/products/dyb/documents/dyb2021/Notes24.pdf,2022,sex,1
Ifdb90d43,Idade mínima legal para casar por sexo,Idade mínima para casamento legal - Com consentimento dos pais,780,Trinidad e Tobago,TTO,-6.129.389.504,1.041.877.263,América Latina e Caribe,F,Femea,2021,2012-2021,<,18.0,C,"Com consentimento dos pais, a idade para casar é de 14 anos para homens e 12 anos para mulheres em casamento civil; 16 anos para homens e 12 anos para mulheres em casamento muçulmano; 18 anos para homens e 14 anos para mulheres em casamento hindu; e 18 anos para homens e 16 para mulheres no casamento Orisa.",Demographic Yearbook 2021,https://unstats.un.org/unsd/demographic-social/products/dyb/documents/dyb2021/Notes24.pdf,2022,sex,1
Ifdb90d43,Idade mínima legal para casar por sexo,Idade mínima para casamento legal - Com consentimento dos pais,788,Tunísia,TUN,9.572.737.411,3.411.439.971,Norte da África e Ásia Ocidental,M,Macho,2021,2012-2021,,15.0,C,,Demographic Yearbook 2021,https://unstats.un.org/unsd/demographic-social/products/dyb/documents/dyb2021/Notes24.pdf,2022,sex,1
Ifdb90d43,Idade mínima legal para casar por sexo,Idade mínima para casamento legal - Com consentimento dos pais,788,Tunísia,TUN,9.572.737.411,3.411.439.971,Norte da África e Ásia Ocidental,F,Femea,2021,2012-2021,,15.0,C,,Demographic Yearbook 2021,https://unstats.un.org/unsd/demographic-social/products/dyb/documents/dyb2021/Notes24.pdf,2022,sex,1
Ifdb90d43,Idade mínima legal para casar por sexo,Idade mínima para casamento legal - Com consentimento dos pais,792,Turquia,TUR,3.542.890.329,389.899.684,Norte da África e Ásia Ocidental,M,Macho,2021,2012-2021,,16.0,C,,Demographic Yearbook 2021,https://unstats.un.org/unsd/demographic-social/products/dyb/documents/dyb2021/Notes24.pdf,2022,sex,1
Ifdb90d43,Idade mínima legal para casar por sexo,Idade mínima para casamento legal - Com consentimento dos pais,792,Turquia,TUR,3.542.890.329,389.899.684,Norte da África e Ásia Ocidental,F,Femea,2021,2012-2021,,16.0,C,,Demographic Yearbook 2021,https://unstats.un.org/unsd/demographic-social/products/dyb/documents/dyb2021/Notes24.pdf,2022,sex,1
Ifdb90d43,Idade mínima legal para casar por sexo,Idade mínima para casamento legal - Com consentimento dos pais,804,Ucrânia,UKR,3.140.270.802,4.900.735.945,Europa e América do Norte,M,Macho,2021,2012-2021,,16.0,C,Pessoas menores de 18 anos precisam de aprovação do juiz para se casar.,Demographic Yearbook 2021,https://unstats.un.org/unsd/demographic-social/products/dyb/documents/dyb2021/Notes24.pdf,2022,sex,1
Ifdb90d43,Idade mínima legal para casar por sexo,Idade mínima para casamento legal - Com consentimento dos pais,804,Ucrânia,UKR,3.140.270.802,4.900.735.945,Europa e América do Norte,F,Femea,2021,2012-2021,,16.0,C,Pessoas menores de 18 anos precisam de aprovação do juiz para se casar.,Demographic Yearbook 2021,https://unstats.un.org/unsd/demographic-social/products/dyb/documents/dyb2021/Notes24.pdf,2022,sex,1
Ifdb90d43,Idade mínima legal para casar por sexo,Idade mínima para casamento legal - Com consentimento dos pais,784,Emirados Árabes Unidos,ARE,5.398.279.159,2.343.322.219,Norte da África e Ásia Ocidental,M,Macho,2021,2012-2021,<,18.0,C,Pessoas menores de 18 anos precisam de aprovação do juiz para se casar.,Demographic Yearbook 2021,https://unstats.un.org/unsd/demographic-social/products/dyb/documents/dyb2021/Notes24.pdf,2022,sex,1
Ifdb90d43,Idade mínima legal para casar por sexo,Idade mínima para casamento legal - Com consentimento dos pais,784,Emirados Árabes Unidos,ARE,5.398.279.159,2.343.322.219,Norte da África e Ásia Ocidental,F,Femea,2021,2012-2021,<,18.0,C,Pessoas menores de 18 anos precisam de aprovação do juiz para se casar.,Demographic Yearbook 2021,https://unstats.un.org/unsd/demographic-social/products/dyb/documents/dyb2021/Notes24.pdf,2022,sex,1
Ifdb90d43,Idade mínima legal para casar por sexo,Idade mínima para casamento legal - Com consentimento dos pais,826,Reino Unido da Grã-Bretanha e Irlanda do Norte,GBR,-223.830.539,5.327.691.757,Europa e América do Norte,M,Macho,2021,2012-2021,,16.0,C,,Demographic Yearbook 2021,https://unstats.un.org/unsd/demographic-social/products/dyb/documents/dyb2021/Notes24.pdf,2022,sex,1
Ifdb90d43,Idade mínima legal para casar por sexo,Idade mínima para casamento legal - Com consentimento dos pais,826,Reino Unido da Grã-Bretanha e Irlanda do Norte,GBR,-223.830.539,5.327.691.757,Europa e América do Norte,F,Femea,2021,2012-2021,,16.0,C,,Demographic Yearbook 2021,https://unstats.un.org/unsd/demographic-social/products/dyb/documents/dyb2021/Notes24.pdf,2022,sex,1
Ifdb90d43,Idade mínima legal para casar por sexo,Idade mínima para casamento legal - Com consentimento dos pais,858,Uruguai,URY,-5.601.387.025,-328.002.838,América Latina e Caribe,M,Macho,2021,2012-2021,,16.0,C,,Demographic Yearbook 2021,https://unstats.un.org/unsd/demographic-social/products/dyb/documents/dyb2021/Notes24.pdf,2022,sex,1
Ifdb90d43,Idade mínima legal para casar por sexo,Idade mínima para casamento legal - Com consentimento dos pais,858,Uruguai,URY,-5.601.387.025,-328.002.838,América Latina e Caribe,F,Femea,2021,2012-2021,,16.0,C,,Demographic Yearbook 2021,https://unstats.un.org/unsd/demographic-social/products/dyb/documents/dyb2021/Notes24.pdf,2022,sex,1
Ifdb90d43,Idade mínima legal para casar por sexo,Idade mínima para casamento legal - Com consentimento dos pais,860,Uzbequistão,UZB,6.311.944.558,4.177.560.518,Ásia Central e Meridional,M,Macho,2021,2012-2021,,18.0,C,,Demographic Yearbook 2021,https://unstats.un.org/unsd/demographic-social/products/dyb/documents/dyb2021/Notes24.pdf,2022,sex,1
Ifdb90d43,Idade mínima legal para casar por sexo,Idade mínima para casamento legal - Com consentimento dos pais,860,Uzbequistão,UZB,6.311.944.558,4.177.560.518,Ásia Central e Meridional,F,Femea,2021,2012-2021,,18.0,C,,Demographic Yearbook 2021,https://unstats.un.org/unsd/demographic-social/products/dyb/documents/dyb2021/Notes24.pdf,2022,sex,1
Ifdb90d43,Idade mínima legal para casar por sexo,Idade mínima para casamento legal - Com consentimento dos pais,862,Venezuela (República Bolivariana da),VEN,-6.615.642.084,7.121.324.748,América Latina e Caribe,M,Macho,2021,2012-2021,,16.0,C,,Demographic Yearbook 2021,https://unstats.un.org/unsd/demographic-social/products/dyb/documents/dyb2021/Notes24.pdf,2022,sex,1
Ifdb90d43,Idade mínima legal para casar por sexo,Idade mínima para casamento legal - Com consentimento dos pais,862,Venezuela (República Bolivariana da),VEN,-6.615.642.084,7.121.324.748,América Latina e Caribe,F,Femea,2021,2012-2021,,14.0,C,,Demographic Yearbook 2021,https://unstats.un.org/unsd/demographic-social/products/dyb/documents/dyb2021/Notes24.pdf,2022,sex,1
Ifdb90d43,Idade mínima legal para casar por sexo,Idade mínima para casamento legal - Com consentimento dos pais,716,Zimbábue,ZWE,2.986.909.584,-1.900.075.492,África Subsaariana,M,Macho,2021,2012-2021,,16.0,C,,Demographic Yearbook 2021,https://unstats.un.org/unsd/demographic-social/products/dyb/documents/dyb2021/Notes24.pdf,2022,sex,1
Ifdb90d43,Idade mínima legal para casar por sexo,Idade mínima para casamento legal - Com consentimento dos pais,716,Zimbábue,ZWE,2.986.909.584,-1.900.075.492,África Subsaariana,F,Femea,2021,2012-2021,,16.0,C,,Demographic Yearbook 2021,https://unstats.un.org/unsd/demographic-social/products/dyb/documents/dyb2021/Notes24.pdf,2022,sex,1